1,157,30,53,-14,11,68,201,94,3,71,0,0,1,0,0,0,0,0,0,0
4,173,96,43,-4,3,37,269,0,4,76,0,0,0,1,0,0,0,0,0,0
5,106,82,58,-5,10,87,256,1,3,59,1,0,0,0,0,0,0,0,0,0
8,137,96,37,-5,12,21,366,0,14,69,1,0,0,0,0,0,0,0,0,0
9,148,92,36,-4,10,23,223,0,8,77,1,0,0,0,0,0,0,0,0,0
10,112,67,91,-3,24,66,290,0,7,82,0,0,0,0,0,0,0,0,0,1
12,124,46,74,-8,26,32,232,1,8,74,1,0,0,0,0,0,0,0,0,0
13,102,88,54,-6,53,59,214,2,3,34,0,0,0,0,1,0,0,0,0,0
15,112,81,65,-5,14,82,173,0,3,66,1,0,0,0,0,0,0,0,0,0
16,133,42,42,-10,16,25,236,84,4,48,0,0,0,0,0,1,0,0,0,0
17,123,90,52,-7,7,36,288,0,6,69,0,0,0,0,0,0,0,1,0,0
19,87,31,27,-13,63,12,352,1,3,46,0,1,0,0,0,0,0,0,0,0
20,74,65,62,-7,10,56,288,57,18,74,0,1,0,0,0,0,0,0,0,0
21,138,42,21,-9,11,12,296,16,3,81,0,0,0,0,0,0,0,1,0,0
23,96,89,63,-6,9,81,176,5,3,55,0,1,0,0,0,0,0,0,0,0
24,138,99,51,-3,12,65,197,0,9,69,1,0,0,0,0,0,0,0,0,0
25,112,74,65,-7,23,52,261,18,3,16,0,1,0,0,0,0,0,0,0,0
28,148,76,91,-5,8,87,298,7,17,71,0,0,0,0,0,0,0,0,0,1
29,142,24,34,-11,12,19,259,92,4,48,0,1,0,0,0,0,0,0,0,0
31,146,44,56,-7,11,21,310,73,2,84,0,0,0,0,0,0,0,1,0,0
32,181,59,56,-9,20,68,306,32,3,57,1,0,0,0,0,0,0,0,0,0
33,80,47,62,-6,11,33,211,31,3,63,0,0,0,0,0,0,1,0,0,0
34,88,20,73,-12,7,62,186,88,3,74,0,0,1,0,0,0,0,0,0,0
35,122,87,64,-3,29,45,185,49,12,72,0,0,0,0,0,0,1,0,0,0
36,119,53,68,-12,8,68,264,34,4,44,0,1,0,0,0,0,0,0,0,0
37,156,79,29,-6,8,51,290,0,4,75,1,0,0,0,0,0,0,0,0,0
38,152,81,32,-7,15,12,202,8,5,40,1,0,0,0,0,0,0,0,0,0
40,72,21,46,-11,11,26,266,91,3,42,0,1,0,0,0,0,0,0,0,0
43,105,68,28,-9,14,49,237,0,4,74,1,0,0,0,0,0,0,0,0,0
44,186,99,38,-2,37,77,176,0,6,78,1,0,0,0,0,0,0,0,0,0
45,100,85,58,-5,9,58,197,11,3,65,0,0,0,1,0,0,0,0,0,0
46,168,57,38,-5,35,26,278,4,3,56,0,1,0,0,0,0,0,0,0,0
47,115,46,83,-10,70,88,331,48,6,43,1,0,0,0,0,0,0,0,0,0
48,75,64,37,-6,17,20,355,0,3,65,1,0,0,0,0,0,0,0,0,0
49,131,72,64,-7,14,80,213,1,4,67,0,0,1,0,0,0,0,0,0,0
50,76,77,46,-5,14,35,234,1,3,51,1,0,0,0,0,0,0,0,0,0
51,108,35,47,-11,8,28,216,72,3,69,1,0,0,0,0,0,0,0,0,0
52,194,43,35,-11,10,26,275,16,3,52,0,1,0,0,0,0,0,0,0,0
54,122,77,30,-3,12,9,467,0,3,52,0,0,0,1,0,0,0,0,0,0
55,149,30,33,-7,11,14,243,78,3,67,0,1,0,0,0,0,0,0,0,0
57,96,60,53,-6,11,35,305,0,2,57,1,0,0,0,0,0,0,0,0,0
63,166,75,70,-9,19,91,195,13,10,48,0,0,0,0,0,1,0,0,0,0
66,103,86,63,-7,7,73,357,21,5,63,0,0,0,0,0,0,1,0,0,0
67,92,69,76,-5,57,73,297,3,5,56,0,1,0,0,0,0,0,0,0,0
68,105,73,68,-8,14,94,281,11,2,59,1,0,0,0,0,0,0,0,0,0
69,136,43,28,-7,6,7,219,28,3,55,1,0,0,0,0,0,0,0,0,0
71,77,18,55,-11,11,9,212,89,3,73,0,0,0,0,0,0,1,0,0,0
72,171,58,51,-5,37,67,279,3,6,65,0,0,0,1,0,0,0,0,0,0
78,110,96,43,-4,17,56,186,0,4,57,0,0,0,1,0,0,0,0,0,0
81,160,71,50,-8,43,33,375,8,5,45,0,0,0,0,1,0,0,0,0,0
82,88,32,52,-11,9,18,226,33,2,48,0,1,0,0,0,0,0,0,0,0
85,105,91,46,-4,36,61,258,2,6,72,0,0,0,1,0,0,0,0,0,0
86,160,85,55,-8,32,46,283,2,4,42,0,1,0,0,0,0,0,0,0,0
88,100,55,59,-12,11,64,264,47,3,43,0,0,0,0,1,0,0,0,0,0
90,145,91,38,-4,24,27,266,0,9,65,0,0,0,1,0,0,0,0,0,0
91,110,35,39,-10,11,16,306,67,3,19,0,0,0,0,1,0,0,0,0,0
92,132,55,85,-5,8,81,219,15,4,74,1,0,0,0,0,0,0,0,0,0
93,128,40,40,-9,9,22,240,3,3,49,0,0,0,0,0,1,0,0,0,0
94,130,70,52,-7,13,35,268,4,4,41,0,1,0,0,0,0,0,0,0,0
96,160,74,27,-5,63,42,321,5,4,75,1,0,0,0,0,0,0,0,0,0
97,106,84,70,-5,12,89,219,0,5,62,0,1,0,0,0,0,0,0,0,0
99,92,90,50,-7,15,67,275,1,6,30,0,0,0,0,0,1,0,0,0,0
100,112,81,53,-4,16,21,306,0,3,39,1,0,0,0,0,0,0,0,0,0
101,105,86,56,-6,21,40,217,1,6,83,0,0,0,1,0,0,0,0,0,0
102,104,44,29,-7,8,16,207,79,3,44,0,1,0,0,0,0,0,0,0,0
103,136,80,67,-5,6,79,211,1,3,56,0,0,0,0,1,0,0,0,0,0
104,162,62,32,-6,60,36,308,3,3,40,1,0,0,0,0,0,0,0,0,0
105,160,61,36,-6,11,49,237,54,4,58,0,0,0,0,0,1,0,0,0,0
106,93,37,48,-8,12,14,216,74,3,75,0,1,0,0,0,0,0,0,0,0
107,107,79,69,-4,58,75,206,6,17,75,0,0,0,0,0,0,0,0,0,1
108,101,69,62,-7,6,56,208,28,3,47,1,0,0,0,0,0,0,0,0,0
109,103,86,70,-4,10,89,298,2,3,72,0,0,0,1,0,0,0,0,0,0
110,122,49,35,-7,21,21,273,47,3,41,0,1,0,0,0,0,0,0,0,0
112,94,84,52,-4,10,46,215,0,3,54,1,0,0,0,0,0,0,0,0,0
113,122,74,64,-4,10,36,263,27,4,80,1,0,0,0,0,0,0,0,0,0
114,68,72,60,-4,35,37,242,8,3,59,0,1,0,0,0,0,0,0,0,0
115,171,74,69,-5,36,6,326,1,26,77,0,0,0,0,0,0,0,0,0,1
116,75,67,30,-5,15,68,306,3,5,59,1,0,0,0,0,0,0,0,0,0
117,109,42,35,-8,10,27,199,30,3,51,1,0,0,0,0,0,0,0,0,0
119,137,72,28,-5,20,17,231,1,4,76,1,0,0,0,0,0,0,0,0,0
121,193,58,43,-5,19,27,193,4,30,70,0,1,0,0,0,0,0,0,0,0
122,85,76,37,-9,58,64,302,22,5,62,0,1,0,0,0,0,0,0,0,0
123,138,44,46,-9,10,15,294,66,3,39,0,1,0,0,0,0,0,0,0,0
124,79,36,53,-7,9,40,238,53,2,70,1,0,0,0,0,0,0,0,0,0
126,99,77,65,-7,7,68,236,0,23,75,0,1,0,0,0,0,0,0,0,0
127,130,94,37,-5,19,37,256,0,7,75,0,0,0,1,0,0,0,0,0,0
129,136,85,58,-6,79,58,302,53,5,42,1,0,0,0,0,0,0,0,0,0
132,119,38,52,-9,10,13,270,76,4,36,0,0,0,0,1,0,0,0,0,0
133,165,56,48,-6,18,54,154,32,3,67,0,0,0,0,0,0,1,0,0,0
134,58,40,25,-9,9,11,245,45,4,52,0,0,0,0,0,1,0,0,0,0
137,120,56,41,-11,16,16,311,1,3,63,0,0,0,0,0,0,0,1,0,0
138,91,63,67,-12,10,86,245,1,5,54,1,0,0,0,0,0,0,0,0,0
139,128,37,61,-9,11,35,226,84,3,64,0,0,1,0,0,0,0,0,0,0
140,75,92,51,-5,40,31,272,1,9,60,0,0,0,1,0,0,0,0,0,0
141,128,77,74,-6,51,61,289,9,3,69,0,1,0,0,0,0,0,0,0,0
142,139,77,55,-9,13,42,253,0,3,63,1,0,0,0,0,0,0,0,0,0
145,115,97,60,-6,13,72,212,0,5,64,0,0,1,0,0,0,0,0,0,0
147,141,30,71,-12,10,48,203,44,3,44,1,0,0,0,0,0,0,0,0,0
149,131,72,49,-6,31,87,146,39,5,75,0,0,0,0,0,0,0,0,1,0
150,124,55,50,-7,9,63,196,68,3,62,1,0,0,0,0,0,0,0,0,0
151,96,38,54,-7,8,39,204,52,3,49,1,0,0,0,0,0,0,0,0,0
152,101,78,44,-5,29,19,602,1,4,38,0,0,0,1,0,0,0,0,0,0
154,121,41,83,-14,5,88,324,46,13,44,0,0,0,0,0,1,0,0,0,0
155,126,17,33,-14,32,19,259,86,4,44,1,0,0,0,0,0,0,0,0,0
158,99,48,59,-10,9,15,353,64,2,39,1,0,0,0,0,0,0,0,0,0
161,92,57,62,-8,11,34,243,10,3,52,0,0,0,0,1,0,0,0,0,0
162,129,39,59,-14,7,15,423,13,6,46,1,0,0,0,0,0,0,0,0,0
163,129,72,61,-8,36,80,218,29,3,64,1,0,0,0,0,0,0,0,0,0
165,128,91,60,-4,12,41,305,0,8,76,1,0,0,0,0,0,0,0,0,0
167,98,69,67,-7,10,83,213,6,3,41,0,0,0,0,1,0,0,0,0,0
168,123,69,69,-5,9,49,212,39,3,73,0,0,1,0,0,0,0,0,0,0
170,112,8,53,-16,11,31,135,92,5,50,0,0,0,0,0,1,0,0,0,0
171,100,19,48,-15,11,6,141,99,5,56,0,1,0,0,0,0,0,0,0,0
172,110,33,63,-9,11,47,193,74,3,56,0,0,0,0,1,0,0,0,0,0
173,100,63,61,-5,10,33,241,43,3,64,1,0,0,0,0,0,0,0,0,0
175,80,72,51,-6,6,47,262,27,6,78,0,1,0,0,0,0,0,0,0,0
176,190,76,79,-7,10,49,346,3,24,46,0,0,0,0,0,0,0,0,0,1
177,164,76,50,-8,14,58,248,0,3,40,0,1,0,0,0,0,0,0,0,0
178,92,57,26,-8,11,15,319,4,3,47,0,0,0,1,0,0,0,0,0,0
180,114,83,42,-5,16,61,501,1,4,49,1,0,0,0,0,0,0,0,0,0
182,109,78,70,-8,6,39,289,9,5,70,1,0,0,0,0,0,0,0,0,0
183,133,20,34,-14,34,7,287,13,3,56,0,1,0,0,0,0,0,0,0,0
187,159,99,24,-4,83,37,187,1,10,58,0,0,0,1,0,0,0,0,0,0
191,131,71,78,-9,6,61,414,46,19,39,0,0,0,0,0,1,0,0,0,0
193,105,66,95,-4,5,76,284,3,6,80,0,0,0,0,0,0,0,0,0,1
195,170,61,45,-7,9,48,209,2,3,36,0,0,0,0,1,0,0,0,0,0
197,92,38,57,-10,13,53,208,85,3,39,0,0,0,0,1,0,0,0,0,0
198,122,87,55,-4,21,32,240,0,3,73,1,0,0,0,0,0,0,0,0,0
200,105,44,29,-7,10,45,246,91,3,59,0,1,0,0,0,0,0,0,0,0
201,130,41,61,-9,23,23,223,54,3,63,0,0,0,0,0,0,0,1,0,0
204,120,92,67,-4,9,78,212,5,4,73,1,0,0,0,0,0,0,0,0,0
205,166,57,32,-5,11,38,212,38,3,59,0,1,0,0,0,0,0,0,0,0
206,133,81,86,-8,12,85,161,31,4,49,0,0,0,0,0,1,0,0,0,0
207,125,92,52,-7,2,73,234,2,5,34,1,0,0,0,0,0,0,0,0,0
209,127,66,66,-10,8,84,225,12,10,52,1,0,0,0,0,0,0,0,0,0
210,162,33,56,-11,11,30,236,90,3,67,0,0,0,0,0,0,0,1,0,0
211,170,54,51,-7,9,28,241,31,4,54,0,1,0,0,0,0,0,0,0,0
212,117,75,61,-9,39,97,394,1,3,49,0,0,1,0,0,0,0,0,0,0
213,105,81,55,-5,10,15,286,2,3,77,1,0,0,0,0,0,0,0,0,0
214,91,94,62,-3,17,88,269,2,5,80,1,0,0,0,0,0,0,0,0,0
215,180,66,50,-9,21,89,240,33,4,80,1,0,0,0,0,0,0,0,0,0
216,116,62,49,-7,13,8,269,2,3,51,0,0,0,1,0,0,0,0,0,0
217,129,59,93,-12,11,96,219,43,5,41,0,0,0,0,0,1,0,0,0,0
218,135,75,51,-7,14,28,236,0,3,47,1,0,0,0,0,0,0,0,0,0
219,123,63,65,-7,28,71,172,78,3,47,0,0,1,0,0,0,0,0,0,0
220,80,77,78,-4,52,51,404,4,24,75,0,0,0,0,0,0,0,0,0,1
221,76,57,46,-4,11,10,239,58,3,71,0,1,0,0,0,0,0,0,0,0
223,142,48,57,-6,10,16,244,26,3,32,1,0,0,0,0,0,0,0,0,0
225,144,34,64,-11,11,55,251,91,3,69,0,0,0,1,0,0,0,0,0,0
227,186,87,34,-3,13,27,260,8,8,61,0,1,0,0,0,0,0,0,0,0
228,70,59,43,-6,9,25,259,46,3,45,0,1,0,0,0,0,0,0,0,0
230,114,60,88,-11,14,96,201,28,4,53,0,0,0,0,0,1,0,0,0,0
231,115,55,54,-7,12,48,237,53,4,64,0,0,1,0,0,0,0,0,0,0
232,98,50,52,-11,11,66,242,16,3,46,1,0,0,0,0,0,0,0,0,0
234,95,26,47,-11,12,27,232,82,4,55,0,0,0,0,1,0,0,0,0,0
235,179,47,33,-9,32,43,336,60,3,70,1,0,0,0,0,0,0,0,0,0
238,113,95,22,-4,16,17,176,0,18,62,1,0,0,0,0,0,0,0,0,0
239,94,70,83,-3,13,80,273,11,20,66,0,1,0,0,0,0,0,0,0,0
240,173,66,43,-7,23,28,267,0,3,82,0,0,0,0,0,0,0,1,0,0
243,94,70,63,-5,8,53,261,17,2,74,1,0,0,0,0,0,0,0,0,0
244,169,65,26,-7,12,34,288,0,4,43,0,1,0,0,0,0,0,0,0,0
247,83,63,41,-7,8,44,220,51,7,53,0,1,0,0,0,0,0,0,0,0
250,123,73,49,-3,10,34,240,12,4,77,0,0,0,0,0,0,1,0,0,0
251,128,52,64,-10,11,36,270,57,3,57,0,0,0,0,0,1,0,0,0,0
252,184,82,26,-6,28,40,403,2,15,53,1,0,0,0,0,0,0,0,0,0
253,174,78,68,-6,8,87,270,3,8,47,0,1,0,0,0,0,0,0,0,0
254,73,18,26,-10,12,11,319,84,3,57,0,0,0,0,0,0,0,1,0,0
255,118,84,59,-6,9,43,237,0,6,69,1,0,0,0,0,0,0,0,0,0
256,133,88,46,-3,11,33,247,0,6,47,0,1,0,0,0,0,0,0,0,0
257,139,77,53,-7,6,86,139,0,5,42,0,1,0,0,0,0,0,0,0,0
258,123,34,45,-9,10,21,269,96,4,59,0,0,0,0,0,0,1,0,0,0
261,110,87,51,-5,33,43,233,1,5,43,0,0,0,0,0,1,0,0,0,0
263,110,86,50,-4,64,24,186,0,4,81,0,0,0,1,0,0,0,0,0,0
267,184,44,27,-9,10,8,252,41,3,46,0,1,0,0,0,0,0,0,0,0
268,129,51,69,-10,46,89,125,63,3,71,0,0,1,0,0,0,0,0,0,0
271,105,90,43,-4,12,60,335,12,5,80,1,0,0,0,0,0,0,0,0,0
272,79,48,48,-7,10,22,213,60,3,46,0,0,0,0,1,0,0,0,0,0
274,118,73,45,-7,29,38,228,0,4,50,1,0,0,0,0,0,0,0,0,0
275,143,74,71,-8,10,64,231,26,4,66,1,0,0,0,0,0,0,0,0,0
276,109,58,74,-12,5,78,260,12,5,64,0,0,1,0,0,0,0,0,0,0
278,139,77,44,-4,11,20,346,0,3,60,1,0,0,0,0,0,0,0,0,0
280,80,97,73,-2,18,97,235,10,7,79,0,0,0,0,0,0,0,0,0,1
281,112,78,58,-5,8,60,281,28,4,40,0,1,0,0,0,0,0,0,0,0
282,81,41,66,-9,16,37,386,60,3,43,0,1,0,0,0,0,0,0,0,0
283,130,49,95,-8,23,59,376,1,23,55,0,0,0,0,0,0,0,0,0,1
284,98,73,60,-7,14,29,264,1,3,72,0,1,0,0,0,0,0,0,0,0
285,205,47,38,-12,9,31,190,34,5,34,1,0,0,0,0,0,0,0,0,0
286,100,83,71,-5,6,97,243,39,4,66,0,1,0,0,0,0,0,0,0,0
287,134,88,63,-5,17,49,242,4,4,40,1,0,0,0,0,0,0,0,0,0
288,127,93,42,-4,13,29,210,0,12,80,0,0,0,1,0,0,0,0,0,0
289,68,47,35,-9,66,20,150,94,4,47,0,0,0,0,1,0,0,0,0,0
290,115,89,74,-4,9,96,203,8,5,64,0,1,0,0,0,0,0,0,0,0
292,171,64,46,-6,19,29,229,25,6,62,1,0,0,0,0,0,0,0,0,0
293,103,95,54,-4,38,78,174,0,4,58,1,0,0,0,0,0,0,0,0,0
296,90,52,63,-6,35,43,249,11,3,68,0,1,0,0,0,0,0,0,0,0
297,141,92,58,-5,20,77,177,0,6,40,0,1,0,0,0,0,0,0,0,0
298,87,68,57,-8,18,67,268,36,3,38,0,1,0,0,0,0,0,0,0,0
302,111,84,62,-5,18,26,343,26,4,71,0,1,0,0,0,0,0,0,0,0
303,131,96,62,-5,51,97,217,13,4,47,1,0,0,0,0,0,0,0,0,0
305,128,30,48,-9,11,30,281,85,4,43,0,1,0,0,0,0,0,0,0,0
306,96,63,66,-10,60,84,215,21,6,53,1,0,0,0,0,0,0,0,0,0
311,138,62,49,-7,11,42,242,9,3,78,0,0,0,0,0,0,0,1,0,0
313,138,84,47,-4,16,48,220,0,3,43,1,0,0,0,0,0,0,0,0,0
314,106,68,38,-9,18,65,136,6,3,63,0,0,0,0,0,0,0,0,1,0
317,140,82,42,-4,15,63,194,0,6,65,1,0,0,0,0,0,0,0,0,0
319,74,63,46,-7,40,59,239,9,2,63,0,0,0,0,0,0,0,0,1,0
321,81,56,37,-11,97,42,224,75,5,54,0,1,0,0,0,0,0,0,0,0
322,124,56,80,-10,6,96,204,9,4,72,1,0,0,0,0,0,0,0,0,0
323,108,75,62,-6,11,83,226,41,3,57,0,0,0,0,0,1,0,0,0,0
324,76,58,35,-8,12,11,223,6,4,61,0,0,0,0,0,0,0,1,0,0
325,150,81,49,-5,12,25,252,4,8,69,0,1,0,0,0,0,0,0,0,0
327,164,54,78,-6,22,68,274,3,6,48,0,1,0,0,0,0,0,0,0,0
329,87,78,36,-8,38,58,236,1,4,53,0,0,0,0,0,0,0,1,0,0
331,130,70,79,-10,8,86,451,0,6,73,1,0,0,0,0,0,0,0,0,0
332,120,49,60,-7,12,9,270,50,3,72,0,0,0,1,0,0,0,0,0,0
333,72,87,43,-3,40,73,214,5,7,74,0,0,0,0,0,0,1,0,0,0
334,144,44,47,-11,32,31,281,60,4,52,1,0,0,0,0,0,0,0,0,0
337,117,18,54,-13,11,13,343,75,5,56,0,0,1,0,0,0,0,0,0,0
338,100,80,71,-6,8,63,259,1,4,76,0,1,0,0,0,0,0,0,0,0
339,135,77,47,-7,11,9,347,6,5,63,1,0,0,0,0,0,0,0,0,0
340,75,41,33,-7,10,7,276,61,3,41,1,0,0,0,0,0,0,0,0,0
341,114,30,70,-17,10,23,332,4,3,52,1,0,0,0,0,0,0,0,0,0
344,88,87,25,-4,12,13,268,5,5,56,0,0,0,1,0,0,0,0,0,0
345,104,59,56,-5,13,14,268,21,3,78,1,0,0,0,0,0,0,0,0,0
346,96,91,56,-2,35,73,282,2,4,76,1,0,0,0,0,0,0,0,0,0
350,120,91,55,-4,35,54,224,3,5,77,0,0,0,1,0,0,0,0,0,0
351,171,48,26,-8,11,7,319,4,3,62,0,0,0,0,0,0,0,1,0,0
353,130,49,41,-9,96,15,296,51,3,38,0,1,0,0,0,0,0,0,0,0
354,153,91,54,-6,14,37,203,0,5,79,1,0,0,0,0,0,0,0,0,0
357,106,73,79,-5,10,94,200,0,3,55,0,0,0,0,0,0,1,0,0,0
358,172,76,45,-5,10,54,224,0,3,78,0,0,0,1,0,0,0,0,0,0
359,174,45,46,-11,8,42,257,16,3,74,0,1,0,0,0,0,0,0,0,0
360,143,83,44,-7,32,65,322,5,3,66,0,0,0,0,0,0,0,1,0,0
361,81,39,14,-13,10,30,404,30,5,43,1,0,0,0,0,0,0,0,0,0
364,132,84,61,-7,8,54,236,0,4,40,0,0,0,0,1,0,0,0,0,0
365,137,33,51,-11,18,27,198,72,11,58,0,1,0,0,0,0,0,0,0,0
366,186,54,30,-8,12,54,203,16,4,50,0,1,0,0,0,0,0,0,0,0
367,169,88,35,-5,12,41,202,3,20,57,1,0,0,0,0,0,0,0,0,0
368,108,74,59,-8,18,29,379,51,3,55,0,1,0,0,0,0,0,0,0,0
370,119,81,85,-5,12,78,237,12,8,69,0,1,0,0,0,0,0,0,0,0
371,131,91,47,-7,25,29,245,0,4,47,0,0,0,0,0,0,0,1,0,0
373,93,93,44,-3,8,40,203,1,5,62,1,0,0,0,0,0,0,0,0,0
374,83,53,66,-9,14,61,230,89,17,49,0,0,0,0,0,0,0,0,0,1
375,119,92,70,-4,8,71,295,0,4,79,0,1,0,0,0,0,0,0,0,0
376,110,80,58,-8,5,42,226,0,4,49,1,0,0,0,0,0,0,0,0,0
380,90,66,54,-8,55,49,214,14,4,48,1,0,0,0,0,0,0,0,0,0
381,138,89,56,-5,32,96,183,54,4,41,0,0,0,0,1,0,0,0,0,0
382,116,59,68,-7,8,64,235,1,3,65,1,0,0,0,0,0,0,0,0,0
384,94,18,56,-13,7,25,223,81,3,34,0,0,0,0,0,1,0,0,0,0
388,123,73,48,-8,11,87,140,57,17,65,0,0,1,0,0,0,0,0,0,0
390,92,81,70,-5,13,58,290,36,3,59,0,0,0,1,0,0,0,0,0,0
391,95,94,33,-3,24,30,236,1,7,78,0,0,0,1,0,0,0,0,0,0
394,128,80,45,-9,11,25,251,0,5,46,1,0,0,0,0,0,0,0,0,0
395,166,56,41,-5,19,47,176,5,3,48,0,1,0,0,0,0,0,0,0,0
396,74,17,33,-13,9,10,219,91,3,57,0,1,0,0,0,0,0,0,0,0
397,110,77,56,-7,22,71,209,0,3,48,1,0,0,0,0,0,0,0,0,0
401,132,29,54,-10,71,19,206,97,3,53,0,0,0,0,0,1,0,0,0,0
403,147,90,53,-9,14,91,205,0,4,64,1,0,0,0,0,0,0,0,0,0
405,112,77,65,-6,59,38,214,23,6,54,0,1,0,0,0,0,0,0,0,0
407,134,53,59,-10,12,31,287,38,4,57,0,1,0,0,0,0,0,0,0,0
408,91,30,28,-13,12,26,210,88,3,27,0,0,0,0,1,0,0,0,0,0
410,183,50,45,-7,11,21,266,25,3,26,0,0,0,0,1,0,0,0,0,0
411,104,57,77,-6,11,61,165,9,3,36,0,0,0,0,1,0,0,0,0,0
412,131,83,43,-7,92,71,217,1,3,14,1,0,0,0,0,0,0,0,0,0
414,127,59,40,-9,11,37,263,8,4,28,0,1,0,0,0,0,0,0,0,0
415,123,71,87,-6,10,96,226,57,4,40,0,1,0,0,0,0,0,0,0,0
416,122,71,70,-5,3,63,203,0,8,76,0,1,0,0,0,0,0,0,0,0
418,131,42,31,-9,8,24,242,13,3,84,0,0,0,0,0,0,0,1,0,0
419,117,41,71,-14,15,65,227,38,4,48,1,0,0,0,0,0,0,0,0,0
420,123,84,47,-6,10,74,232,6,5,37,1,0,0,0,0,0,0,0,0,0
421,123,81,50,-6,15,28,206,4,4,47,0,0,0,0,1,0,0,0,0,0
422,136,65,64,-6,12,76,232,43,3,49,0,1,0,0,0,0,0,0,0,0
423,109,84,64,-5,9,43,221,2,4,80,0,1,0,0,0,0,0,0,0,0
425,156,91,48,-4,5,54,267,4,19,59,0,1,0,0,0,0,0,0,0,0
426,115,61,37,-7,10,19,251,1,4,66,1,0,0,0,0,0,0,0,0,0
431,117,62,48,-7,26,15,241,6,4,58,1,0,0,0,0,0,0,0,0,0
432,99,19,65,-14,13,23,231,98,3,48,0,1,0,0,0,0,0,0,0,0
433,89,73,63,-6,16,50,324,9,3,38,0,1,0,0,0,0,0,0,0,0
434,135,33,56,-8,10,28,285,89,3,79,0,0,0,0,0,0,1,0,0,0
438,129,50,86,-7,10,72,245,59,4,76,0,1,0,0,0,0,0,0,0,0
439,140,59,45,-7,8,20,279,5,3,78,0,0,0,0,0,0,0,1,0,0
443,95,47,37,-8,11,49,251,16,4,65,1,0,0,0,0,0,0,0,0,0
444,138,87,23,-5,29,19,256,0,5,69,0,0,0,1,0,0,0,0,0,0
445,85,29,64,-10,18,41,258,67,4,76,0,1,0,0,0,0,0,0,0,0
446,97,73,50,-6,20,24,231,2,3,47,0,0,0,0,1,0,0,0,0,0
449,126,79,60,-4,13,30,245,7,10,67,0,1,0,0,0,0,0,0,0,0
451,166,87,36,-8,10,61,194,0,7,73,1,0,0,0,0,0,0,0,0,0
452,80,45,31,-6,13,21,250,95,3,66,0,0,0,0,0,0,1,0,0,0
457,118,73,43,-7,17,31,241,0,4,68,0,0,0,0,0,0,0,1,0,0
460,120,75,62,-5,9,56,221,64,5,65,0,0,0,0,0,0,1,0,0,0
462,128,71,73,-6,10,97,240,14,3,84,0,1,0,0,0,0,0,0,0,0
464,116,33,53,-10,11,11,526,69,5,73,0,1,0,0,0,0,0,0,0,0
465,130,83,51,-5,7,56,224,1,5,69,1,0,0,0,0,0,0,0,0,0
466,140,86,79,-6,35,77,219,13,32,77,0,0,0,0,0,0,0,0,0,1
467,127,90,73,-4,37,76,236,0,14,75,0,1,0,0,0,0,0,0,0,0
470,160,64,59,-8,13,56,185,56,10,71,0,1,0,0,0,0,0,0,0,0
472,86,75,52,-7,20,70,273,36,5,44,1,0,0,0,0,0,0,0,0,0
473,172,76,34,-7,35,33,251,0,4,39,0,1,0,0,0,0,0,0,0,0
474,135,66,53,-4,21,22,298,0,3,64,0,0,0,1,0,0,0,0,0,0
475,132,63,69,-7,6,74,319,1,4,42,1,0,0,0,0,0,0,0,0,0
477,131,32,29,-8,19,20,215,86,3,49,0,0,1,0,0,0,0,0,0,0
478,138,74,43,-7,33,9,285,2,4,67,0,0,0,0,0,0,0,1,0,0
479,88,40,37,-13,8,27,189,4,3,27,1,0,0,0,0,0,0,0,0,0
480,76,55,35,-7,11,8,286,42,3,74,0,0,0,0,0,0,1,0,0,0
481,170,69,57,-7,11,78,237,4,3,54,0,1,0,0,0,0,0,0,0,0
482,126,32,65,-11,13,28,233,66,3,56,1,0,0,0,0,0,0,0,0,0
483,136,78,45,-4,67,24,187,11,6,73,1,0,0,0,0,0,0,0,0,0
484,122,26,39,-10,9,18,282,81,3,55,0,1,0,0,0,0,0,0,0,0
486,131,28,33,-13,13,28,188,43,3,64,1,0,0,0,0,0,0,0,0,0
487,95,55,78,-7,13,44,243,35,5,81,0,1,0,0,0,0,0,0,0,0
489,131,76,48,-5,31,45,277,1,3,69,1,0,0,0,0,0,0,0,0,0
492,78,20,24,-14,11,27,345,98,3,19,0,1,0,0,0,0,0,0,0,0
493,100,47,32,-7,95,25,208,26,3,42,0,1,0,0,0,0,0,0,0,0
494,184,51,35,-8,71,22,291,40,3,51,0,1,0,0,0,0,0,0,0,0
495,180,42,50,-8,11,22,281,13,7,70,1,0,0,0,0,0,0,0,0,0
496,123,73,54,-6,16,51,219,1,3,51,1,0,0,0,0,0,0,0,0,0
497,146,92,64,-4,9,85,258,3,8,83,0,1,0,0,0,0,0,0,0,0
501,131,24,75,-13,44,67,206,79,8,52,0,0,0,0,0,1,0,0,0,0
503,100,76,51,-7,14,35,220,1,7,51,1,0,0,0,0,0,0,0,0,0
504,85,87,42,-4,12,63,203,7,6,70,1,0,0,0,0,0,0,0,0,0
505,148,60,51,-14,81,96,312,67,10,34,1,0,0,0,0,0,0,0,0,0
506,73,28,61,-9,9,39,214,93,4,82,0,1,0,0,0,0,0,0,0,0
507,137,30,59,-10,12,14,240,69,4,72,0,1,0,0,0,0,0,0,0,0
508,112,65,81,-7,15,81,229,35,6,57,0,0,0,0,0,0,0,0,0,1
509,155,54,27,-7,10,33,285,49,3,54,0,1,0,0,0,0,0,0,0,0
510,141,71,75,-10,10,90,283,9,3,41,0,1,0,0,0,0,0,0,0,0
511,80,81,37,-6,8,65,209,3,5,57,1,0,0,0,0,0,0,0,0,0
512,154,58,27,-8,11,20,308,1,4,58,1,0,0,0,0,0,0,0,0,0
515,119,26,46,-8,11,23,221,92,4,46,0,1,0,0,0,0,0,0,0,0
517,92,71,56,-5,11,39,225,0,5,67,0,1,0,0,0,0,0,0,0,0
518,105,88,66,-5,14,86,238,2,4,66,1,0,0,0,0,0,0,0,0,0
521,126,34,47,-8,11,24,165,86,4,63,0,0,0,0,1,0,0,0,0,0
522,152,88,51,-5,7,68,268,0,3,57,0,0,0,1,0,0,0,0,0,0
524,71,63,51,-9,15,50,214,10,19,49,0,1,0,0,0,0,0,0,0,0
525,85,53,55,-8,22,41,272,19,3,82,1,0,0,0,0,0,0,0,0,0
526,123,54,45,-9,9,13,244,70,4,58,1,0,0,0,0,0,0,0,0,0
531,151,95,58,-4,4,78,269,2,6,40,0,0,0,0,1,0,0,0,0,0
532,145,56,60,-7,5,33,207,0,6,47,0,0,0,0,1,0,0,0,0,0
533,170,75,45,-6,18,42,243,17,6,35,0,1,0,0,0,0,0,0,0,0
535,116,81,73,-7,6,25,232,3,8,55,0,1,0,0,0,0,0,0,0,0
537,114,93,41,-5,60,39,163,34,10,32,1,0,0,0,0,0,0,0,0,0
545,144,40,56,-8,11,46,209,66,3,36,0,1,0,0,0,0,0,0,0,0
547,110,85,78,-4,12,62,250,5,7,75,0,0,0,0,0,0,0,0,0,1
548,77,51,57,-7,9,51,484,23,5,77,0,1,0,0,0,0,0,0,0,0
550,85,43,67,-10,13,34,190,12,12,79,0,1,0,0,0,0,0,0,0,0
551,110,64,70,-9,28,65,211,22,17,53,0,1,0,0,0,0,0,0,0,0
552,81,76,50,-5,26,61,208,9,3,33,0,0,0,0,1,0,0,0,0,0
557,131,22,46,-10,11,15,243,90,3,41,0,0,0,0,1,0,0,0,0,0
558,146,58,47,-7,25,37,183,51,3,49,1,0,0,0,0,0,0,0,0,0
560,120,60,85,-5,8,84,264,0,4,76,0,1,0,0,0,0,0,0,0,0
564,105,76,73,-5,6,54,228,13,3,61,0,0,0,0,0,0,1,0,0,0
565,168,77,38,-6,27,42,185,0,4,57,0,1,0,0,0,0,0,0,0,0
569,93,41,67,-12,11,36,215,65,5,60,0,0,0,0,1,0,0,0,0,0
571,126,81,64,-6,7,72,177,8,3,59,0,1,0,0,0,0,0,0,0,0
573,160,82,65,-5,9,96,233,22,18,80,0,1,0,0,0,0,0,0,0,0
575,148,70,49,-8,8,62,209,4,4,52,0,1,0,0,0,0,0,0,0,0
576,134,71,33,-7,13,19,532,31,3,60,0,1,0,0,0,0,0,0,0,0
577,93,48,74,-9,11,36,285,3,4,73,0,0,0,0,0,0,0,1,0,0
579,152,86,46,-6,10,37,289,0,7,47,0,1,0,0,0,0,0,0,0,0
581,135,72,76,-8,95,51,280,5,24,47,0,0,0,0,0,0,0,0,0,1
583,162,82,46,-6,16,47,299,1,4,65,0,1,0,0,0,0,0,0,0,0
585,94,34,38,-11,8,8,217,9,3,39,1,0,0,0,0,0,0,0,0,0
586,97,74,66,-7,33,74,161,24,14,43,0,0,0,0,0,0,0,0,0,1
588,146,69,59,-7,10,19,212,72,8,43,0,1,0,0,0,0,0,0,0,0
589,111,64,62,-7,52,65,159,21,3,58,0,0,0,0,0,0,0,0,1,0
591,167,89,49,-4,7,64,245,0,4,75,1,0,0,0,0,0,0,0,0,0
592,84,42,42,-6,11,18,173,59,4,84,0,1,0,0,0,0,0,0,0,0
593,160,80,65,-5,33,94,219,6,17,66,0,1,0,0,0,0,0,0,0,0
594,175,52,48,-12,9,10,311,33,4,63,0,1,0,0,0,0,0,0,0,0
595,156,87,37,-5,8,22,308,1,4,59,1,0,0,0,0,0,0,0,0,0
596,122,71,66,-5,12,48,258,7,4,74,0,1,0,0,0,0,0,0,0,0
597,130,44,72,-9,9,32,243,58,3,72,0,1,0,0,0,0,0,0,0,0
598,94,54,79,-7,20,89,215,9,5,49,0,1,0,0,0,0,0,0,0,0
600,118,72,78,-6,7,71,246,13,4,70,0,1,0,0,0,0,0,0,0,0
601,128,87,58,-4,26,62,199,1,6,82,0,1,0,0,0,0,0,0,0,0
605,86,28,32,-9,10,18,248,47,3,75,0,0,0,1,0,0,0,0,0,0
606,114,44,37,-15,67,45,198,82,8,15,0,0,0,0,0,1,0,0,0,0
607,125,88,56,-3,87,51,317,0,3,69,1,0,0,0,0,0,0,0,0,0
608,128,58,57,-9,14,30,287,1,3,58,0,0,0,1,0,0,0,0,0,0
611,95,79,36,-8,91,30,167,16,4,26,0,1,0,0,0,0,0,0,0,0
613,115,61,86,-7,3,93,270,1,8,82,0,1,0,0,0,0,0,0,0,0
614,85,41,17,-8,11,9,203,61,3,33,0,0,0,0,1,0,0,0,0,0
615,122,39,58,-8,9,16,249,76,3,20,0,0,0,0,1,0,0,0,0,0
617,146,45,54,-9,11,14,283,46,3,69,0,0,0,0,0,0,0,1,0,0
619,121,48,66,-9,18,35,219,4,3,45,1,0,0,0,0,0,0,0,0,0
620,170,64,73,-6,6,65,202,5,14,83,1,0,0,0,0,0,0,0,0,0
624,112,92,64,-4,15,53,264,0,4,74,0,0,0,0,0,0,0,1,0,0
625,171,50,36,-6,16,39,254,0,3,13,0,0,0,0,1,0,0,0,0,0
626,135,33,65,-11,22,52,272,43,3,42,1,0,0,0,0,0,0,0,0,0
627,89,82,53,-6,9,69,200,1,4,16,0,0,0,0,1,0,0,0,0,0
628,109,59,41,-5,28,56,204,55,3,68,0,0,1,0,0,0,0,0,0,0
631,78,40,54,-8,11,17,220,66,4,32,0,0,0,0,1,0,0,0,0,0
632,130,93,48,-5,31,37,232,1,5,60,1,0,0,0,0,0,0,0,0,0
635,123,92,45,-5,33,8,224,0,7,68,0,0,0,0,0,0,0,1,0,0
637,111,90,64,-6,17,78,192,20,4,46,1,0,0,0,0,0,0,0,0,0
642,87,65,66,-4,6,37,203,12,5,73,0,1,0,0,0,0,0,0,0,0
643,164,72,48,-5,10,25,405,5,6,70,0,0,0,0,0,0,0,1,0,0
645,100,38,61,-10,28,52,234,84,44,83,0,1,0,0,0,0,0,0,0,0
648,108,40,49,-8,14,15,598,49,3,67,0,0,0,0,0,0,1,0,0,0
649,170,46,18,-9,9,13,267,74,4,40,1,0,0,0,0,0,0,0,0,0
650,121,73,67,-7,18,78,218,28,4,62,0,1,0,0,0,0,0,0,0,0
651,158,45,48,-6,9,29,295,34,3,73,0,0,0,0,0,0,1,0,0,0
653,98,72,68,-9,13,57,225,20,6,60,0,0,0,0,0,0,0,0,0,1
656,113,83,67,-6,10,70,238,1,7,75,0,1,0,0,0,0,0,0,0,0
657,123,55,55,-11,18,42,242,85,4,36,1,0,0,0,0,0,0,0,0,0
658,130,70,66,-7,9,51,382,5,3,61,1,0,0,0,0,0,0,0,0,0
659,106,27,72,-8,11,18,227,73,3,62,0,0,0,0,0,0,1,0,0,0
660,92,74,70,-7,11,20,302,7,7,74,1,0,0,0,0,0,0,0,0,0
662,150,83,38,-7,7,45,220,0,6,49,0,1,0,0,0,0,0,0,0,0
664,150,43,49,-8,12,31,315,10,3,59,0,0,0,0,0,1,0,0,0,0
665,142,66,46,-8,9,34,274,28,5,44,0,0,1,0,0,0,0,0,0,0
666,170,49,28,-8,17,53,427,16,3,66,0,0,0,0,0,0,1,0,0,0
667,123,75,59,-11,34,66,339,0,3,44,1,0,0,0,0,0,0,0,0,0
669,100,53,56,-11,11,67,278,2,3,41,1,0,0,0,0,0,0,0,0,0
670,107,80,82,-4,15,63,226,3,8,78,0,1,0,0,0,0,0,0,0,0
671,98,55,37,-8,18,11,598,21,3,55,1,0,0,0,0,0,0,0,0,0
672,95,84,60,-7,11,47,240,2,7,67,0,0,0,0,0,0,1,0,0,0
673,142,28,59,-5,15,34,272,88,3,70,0,0,0,0,0,0,1,0,0,0
675,72,26,35,-12,13,48,265,61,3,24,1,0,0,0,0,0,0,0,0,0
678,163,51,49,-8,10,34,214,58,12,76,0,0,0,0,1,0,0,0,0,0
679,120,47,77,-6,39,34,237,29,5,80,0,1,0,0,0,0,0,0,0,0
682,129,64,67,-7,14,89,223,22,3,41,0,1,0,0,0,0,0,0,0,0
683,145,91,57,-5,14,40,197,3,5,41,0,1,0,0,0,0,0,0,0,0
685,118,89,76,-4,85,72,358,8,7,69,0,1,0,0,0,0,0,0,0,0
686,167,68,50,-4,6,47,262,1,3,74,1,0,0,0,0,0,0,0,0,0
687,114,59,49,-6,9,19,270,3,5,76,0,1,0,0,0,0,0,0,0,0
688,96,65,83,-3,9,93,234,58,8,87,0,1,0,0,0,0,0,0,0,0
689,125,78,78,-4,8,67,204,6,13,88,1,0,0,0,0,0,0,0,0,0
690,75,71,60,-4,17,55,200,39,30,78,0,0,0,0,0,0,1,0,0,0
693,120,60,52,-5,11,22,341,3,3,80,0,1,0,0,0,0,0,0,0,0
696,132,69,34,-9,34,21,341,0,4,32,1,0,0,0,0,0,0,0,0,0
698,145,91,55,-5,35,64,180,1,7,33,0,0,0,0,1,0,0,0,0,0
701,128,78,67,-5,13,52,215,0,3,62,1,0,0,0,0,0,0,0,0,0
702,84,20,59,-11,9,17,255,90,3,75,0,0,0,1,0,0,0,0,0,0
703,146,28,49,-14,12,17,360,30,3,60,1,0,0,0,0,0,0,0,0,0
704,92,85,68,-11,6,93,391,23,5,69,1,0,0,0,0,0,0,0,0,0
705,168,93,51,-5,24,67,272,0,24,63,1,0,0,0,0,0,0,0,0,0
707,168,82,61,-5,15,29,187,1,4,86,1,0,0,0,0,0,0,0,0,0
708,103,63,48,-7,12,16,671,39,3,59,0,1,0,0,0,0,0,0,0,0
709,90,39,52,-7,14,24,208,54,3,83,0,1,0,0,0,0,0,0,0,0
710,100,88,62,-3,33,78,171,7,10,80,0,1,0,0,0,0,0,0,0,0
712,90,24,59,-11,9,26,221,91,4,78,0,1,0,0,0,0,0,0,0,0
714,125,40,50,-9,12,15,225,34,3,25,0,1,0,0,0,0,0,0,0,0
715,112,75,91,-10,4,83,234,7,25,48,0,0,0,0,0,0,0,0,0,1
721,86,22,43,-9,11,40,230,95,4,71,0,1,0,0,0,0,0,0,0,0
726,174,72,43,-6,9,69,268,10,4,78,0,1,0,0,0,0,0,0,0,0
727,96,39,57,-6,23,32,216,37,3,88,0,1,0,0,0,0,0,0,0,0
730,109,41,81,-9,8,50,223,11,4,59,1,0,0,0,0,0,0,0,0,0
732,82,36,28,-12,25,36,172,65,3,30,1,0,0,0,0,0,0,0,0,0
733,122,40,43,-10,12,63,195,48,5,28,0,0,0,0,1,0,0,0,0,0
734,128,78,81,-4,19,82,220,6,5,38,0,1,0,0,0,0,0,0,0,0
735,152,60,32,-6,25,18,240,11,3,30,0,1,0,0,0,0,0,0,0,0
737,105,47,72,-7,11,45,206,53,3,65,0,1,0,0,0,0,0,0,0,0
738,105,66,40,-7,23,39,217,3,3,27,0,1,0,0,0,0,0,0,0,0
739,140,57,34,-7,42,37,257,6,3,30,0,1,0,0,0,0,0,0,0,0
740,100,61,70,-6,8,22,189,22,4,84,1,0,0,0,0,0,0,0,0,0
741,98,73,67,-7,37,15,210,4,5,65,0,1,0,0,0,0,0,0,0,0
743,111,74,66,-10,32,89,236,23,3,32,0,0,0,0,1,0,0,0,0,0
744,178,64,38,-7,37,8,261,7,7,83,1,0,0,0,0,0,0,0,0,0
745,81,49,50,-8,14,76,135,76,5,23,0,0,0,0,0,1,0,0,0,0
746,82,90,58,-3,6,68,191,19,6,87,0,1,0,0,0,0,0,0,0,0
747,126,60,73,-10,6,96,179,40,5,23,0,0,0,0,1,0,0,0,0,0
752,110,41,50,-6,11,45,182,75,3,85,0,1,0,0,0,0,0,0,0,0
753,124,89,77,-9,6,97,261,7,4,16,0,1,0,0,0,0,0,0,0,0
754,87,38,35,-10,12,53,253,73,4,15,0,1,0,0,0,0,0,0,0,0
755,87,25,41,-13,38,32,221,74,3,17,1,0,0,0,0,0,0,0,0,0
758,197,64,18,-7,12,52,241,11,4,30,0,1,0,0,0,0,0,0,0,0
759,68,58,23,-7,9,49,292,8,3,31,0,1,0,0,0,0,0,0,0,0
760,130,50,55,-6,76,30,210,30,4,81,0,1,0,0,0,0,0,0,0,0
761,140,49,57,-11,17,73,179,2,5,20,0,0,0,0,1,0,0,0,0,0
762,106,74,63,-8,17,67,276,47,4,44,1,0,0,0,0,0,0,0,0,0
765,109,52,57,-11,13,33,252,5,3,17,0,0,0,0,1,0,0,0,0,0
767,132,71,42,-11,3,64,205,14,3,19,0,0,0,0,1,0,0,0,0,0
771,103,76,53,-7,14,84,258,6,4,33,0,1,0,0,0,0,0,0,0,0
772,100,71,55,-8,8,30,218,6,5,60,1,0,0,0,0,0,0,0,0,0
773,105,52,77,-4,13,39,217,18,3,85,0,1,0,0,0,0,0,0,0,0
774,86,61,51,-5,8,23,295,0,2,12,0,1,0,0,0,0,0,0,0,0
775,124,86,79,-3,8,59,215,4,11,86,0,1,0,0,0,0,0,0,0,0
776,114,79,60,-6,39,24,217,1,7,79,0,1,0,0,0,0,0,0,0,0
780,72,33,45,-13,14,27,184,82,4,73,0,1,0,0,0,0,0,0,0,0
781,150,66,25,-7,9,44,249,50,3,67,1,0,0,0,0,0,0,0,0,0
783,106,32,52,-12,13,31,335,74,3,37,1,0,0,0,0,0,0,0,0,0
784,107,77,60,-8,11,72,204,10,3,36,1,0,0,0,0,0,0,0,0,0
785,108,58,74,-9,18,94,265,19,3,85,1,0,0,0,0,0,0,0,0,0
788,91,32,76,-7,8,57,189,84,5,98,0,1,0,0,0,0,0,0,0,0
789,124,76,40,-8,37,49,261,10,5,37,0,0,0,1,0,0,0,0,0,0
790,96,35,51,-9,59,51,172,67,15,71,0,0,0,0,0,0,0,0,0,1
793,132,87,47,-6,25,27,244,0,5,56,0,1,0,0,0,0,0,0,0,0
794,98,59,82,-6,15,51,209,69,9,100,0,1,0,0,0,0,0,0,0,0
795,98,56,70,-7,28,51,183,25,5,68,0,1,0,0,0,0,0,0,0,0
797,139,53,59,-7,29,23,241,14,3,65,0,1,0,0,0,0,0,0,0,0
800,127,46,34,-11,9,35,620,17,4,45,1,0,0,0,0,0,0,0,0,0
802,80,21,15,-14,12,26,293,82,3,71,1,0,0,0,0,0,0,0,0,0
803,163,66,42,-12,18,45,168,0,7,68,1,0,0,0,0,0,0,0,0,0
804,116,47,74,-13,19,89,160,9,3,71,1,0,0,0,0,0,0,0,0,0
805,128,32,55,-11,10,33,242,83,3,77,1,0,0,0,0,0,0,0,0,0
813,155,28,50,-15,39,67,173,64,3,63,1,0,0,0,0,0,0,0,0,0
814,132,33,30,-10,6,39,218,76,3,64,0,0,0,0,0,0,0,0,1,0
816,137,47,47,-10,16,57,269,18,4,62,1,0,0,0,0,0,0,0,0,0
817,148,21,33,-18,18,28,187,84,3,62,1,0,0,0,0,0,0,0,0,0
819,119,84,63,-6,10,88,663,8,5,47,1,0,0,0,0,0,0,0,0,0
820,119,36,39,-11,12,31,444,0,3,63,1,0,0,0,0,0,0,0,0,0
821,123,59,76,-10,61,33,189,49,6,65,0,0,0,0,0,0,0,0,1,0
822,118,39,47,-14,14,55,241,64,3,63,1,0,0,0,0,0,0,0,0,0
823,127,41,71,-7,6,53,211,35,4,60,1,0,0,0,0,0,0,0,0,0
824,121,63,61,-8,15,90,244,34,3,73,1,0,0,0,0,0,0,0,0,0
825,121,70,54,-9,8,58,281,10,3,76,1,0,0,0,0,0,0,0,0,0
826,131,79,31,-8,11,26,201,35,5,29,0,1,0,0,0,0,0,0,0,0
827,103,88,76,-9,22,95,175,36,4,73,1,0,0,0,0,0,0,0,0,0
828,76,35,61,-14,8,36,201,50,4,73,0,0,1,0,0,0,0,0,0,0
829,105,66,75,-6,9,86,152,19,4,67,1,0,0,0,0,0,0,0,0,0
831,159,17,48,-19,12,19,228,73,5,57,1,0,0,0,0,0,0,0,0,0
832,154,38,35,-16,5,48,276,9,3,60,1,0,0,0,0,0,0,0,0,0
834,119,50,46,-12,27,53,266,6,4,58,1,0,0,0,0,0,0,0,0,0
837,128,36,38,-11,29,24,251,71,4,38,0,1,0,0,0,0,0,0,0,0
838,130,85,59,-6,27,81,161,6,3,69,1,0,0,0,0,0,0,0,0,0
839,162,57,37,-9,13,66,331,39,3,53,1,0,0,0,0,0,0,0,0,0
841,76,26,55,-12,9,17,188,91,3,78,1,0,0,0,0,0,0,0,0,0
842,104,72,55,-12,11,72,435,25,3,74,1,0,0,0,0,0,0,0,0,0
844,92,9,42,-19,34,46,243,91,4,69,0,0,1,0,0,0,0,0,0,0
845,93,46,45,-11,15,66,271,30,4,71,1,0,0,0,0,0,0,0,0,0
846,117,72,49,-8,29,15,300,31,4,77,1,0,0,0,0,0,0,0,0,0
847,123,38,44,-15,5,22,236,64,4,71,1,0,0,0,0,0,0,0,0,0
848,91,38,25,-14,11,51,213,14,3,60,0,0,1,0,0,0,0,0,0,0
851,171,73,35,-9,12,70,471,8,4,67,1,0,0,0,0,0,0,0,0,0
852,203,82,27,-6,36,81,233,10,10,69,0,0,0,0,0,0,1,0,0,0
854,138,48,53,-12,8,49,517,70,6,74,0,0,1,0,0,0,0,0,0,0
855,145,43,41,-11,15,28,377,38,3,79,1,0,0,0,0,0,0,0,0,0
857,109,65,65,-10,18,72,221,4,2,54,0,1,0,0,0,0,0,0,0,0
860,129,93,63,-4,6,96,229,22,3,71,1,0,0,0,0,0,0,0,0,0
862,125,53,68,-13,6,35,266,42,9,60,1,0,0,0,0,0,0,0,0,0
863,131,70,32,-8,11,25,443,2,4,37,1,0,0,0,0,0,0,0,0,0
864,115,31,55,-12,11,41,218,51,4,66,1,0,0,0,0,0,0,0,0,0
866,120,78,56,-7,7,97,179,36,6,67,1,0,0,0,0,0,0,0,0,0
868,83,42,47,-10,5,50,239,52,3,66,1,0,0,0,0,0,0,0,0,0
869,133,33,27,-11,13,6,388,5,4,24,0,1,0,0,0,0,0,0,0,0
870,133,76,41,-9,8,39,511,7,7,66,1,0,0,0,0,0,0,0,0,0
871,129,57,61,-11,7,54,350,56,4,72,0,0,1,0,0,0,0,0,0,0
872,135,92,69,-6,8,23,511,30,6,65,1,0,0,0,0,0,0,0,0,0
880,127,62,39,-8,9,34,221,21,3,71,1,0,0,0,0,0,0,0,0,0
881,141,63,41,-10,51,80,581,0,6,43,1,0,0,0,0,0,0,0,0,0
882,124,71,46,-9,13,41,174,21,4,50,1,0,0,0,0,0,0,0,0,0
883,114,59,63,-11,5,89,342,10,3,64,1,0,0,0,0,0,0,0,0,0
885,137,53,60,-9,9,34,282,43,3,82,1,0,0,0,0,0,0,0,0,0
886,171,46,54,-10,10,80,187,19,3,71,1,0,0,0,0,0,0,0,0,0
887,100,45,49,-10,54,55,254,17,3,74,1,0,0,0,0,0,0,0,0,0
888,139,67,57,-10,13,74,212,34,3,75,1,0,0,0,0,0,0,0,0,0
889,123,51,65,-17,16,83,252,69,5,77,1,0,0,0,0,0,0,0,0,0
890,134,26,54,-12,15,64,148,85,3,58,0,0,1,0,0,0,0,0,0,0
891,134,51,45,-16,72,56,102,13,6,29,1,0,0,0,0,0,0,0,0,0
892,161,84,26,-7,28,46,157,0,10,56,1,0,0,0,0,0,0,0,0,0
894,105,32,57,-17,9,39,254,68,11,75,1,0,0,0,0,0,0,0,0,0
895,109,78,45,-9,34,51,252,44,4,55,1,0,0,0,0,0,0,0,0,0
896,106,68,66,-8,8,65,258,16,3,75,0,0,1,0,0,0,0,0,0,0
897,161,56,44,-12,21,50,194,5,12,64,1,0,0,0,0,0,0,0,0,0
900,184,34,38,-13,10,69,179,81,4,65,0,0,1,0,0,0,0,0,0,0
901,134,75,29,-9,68,35,210,5,5,66,1,0,0,0,0,0,0,0,0,0
903,86,22,54,-18,11,31,189,74,4,51,1,0,0,0,0,0,0,0,0,0
904,167,47,30,-13,34,58,228,69,5,58,0,1,0,0,0,0,0,0,0,0
906,131,58,67,-10,6,82,211,22,3,69,1,0,0,0,0,0,0,0,0,0
907,99,57,56,-12,12,58,251,36,3,56,1,0,0,0,0,0,0,0,0,0
908,109,33,56,-16,32,33,195,47,3,54,0,0,1,0,0,0,0,0,0,0
909,109,78,44,-5,14,61,212,14,3,47,1,0,0,0,0,0,0,0,0,0
910,143,63,57,-12,25,87,258,49,3,65,1,0,0,0,0,0,0,0,0,0
912,102,72,50,-9,8,18,387,1,4,57,1,0,0,0,0,0,0,0,0,0
913,136,55,43,-6,11,41,272,67,3,72,1,0,0,0,0,0,0,0,0,0
914,60,22,23,-13,27,18,214,95,3,66,1,0,0,0,0,0,0,0,0,0
915,161,43,31,-10,33,22,267,39,3,78,1,0,0,0,0,0,0,0,0,0
917,117,85,28,-8,6,44,559,1,5,71,1,0,0,0,0,0,0,0,0,0
918,124,54,47,-10,27,78,383,2,15,73,1,0,0,0,0,0,0,0,0,0
919,181,39,36,-14,12,50,218,75,3,61,0,0,1,0,0,0,0,0,0,0
920,116,22,28,-14,8,18,284,77,3,66,1,0,0,0,0,0,0,0,0,0
922,121,19,41,-13,11,63,246,85,3,64,0,0,1,0,0,0,0,0,0,0
924,85,60,27,-10,19,29,575,2,4,41,1,0,0,0,0,0,0,0,0,0
926,140,24,25,-14,7,21,421,68,3,46,0,1,0,0,0,0,0,0,0,0
927,111,40,63,-13,11,73,173,54,3,62,1,0,0,0,0,0,0,0,0,0
928,140,40,51,-13,11,23,150,25,3,74,1,0,0,0,0,0,0,0,0,0
929,144,75,66,-11,28,97,170,10,3,68,0,0,1,0,0,0,0,0,0,0
930,121,47,56,-8,15,40,193,45,3,68,1,0,0,0,0,0,0,0,0,0
931,92,38,59,-12,10,45,279,27,5,67,0,1,0,0,0,0,0,0,0,0
932,132,48,69,-12,9,90,235,38,3,65,1,0,0,0,0,0,0,0,0,0
934,117,91,57,-7,6,84,207,9,4,71,1,0,0,0,0,0,0,0,0,0
936,128,57,58,-9,36,82,248,38,3,64,1,0,0,0,0,0,0,0,0,0
937,130,80,41,-3,18,47,223,22,4,76,1,0,0,0,0,0,0,0,0,0
939,77,29,59,-11,9,73,216,57,3,68,0,0,0,0,0,0,0,0,1,0
940,168,60,54,-11,8,64,291,4,5,69,0,0,0,0,0,0,1,0,0,0
941,90,47,37,-15,7,5,335,54,8,63,1,0,0,0,0,0,0,0,0,0
942,111,54,67,-11,13,81,162,57,4,74,0,1,0,0,0,0,0,0,0,0
944,98,61,60,-12,9,89,284,18,3,82,1,0,0,0,0,0,0,0,0,0
947,148,41,66,-14,8,83,213,86,7,59,1,0,0,0,0,0,0,0,0,0
948,83,18,30,-11,13,9,160,85,3,57,1,0,0,0,0,0,0,0,0,0
949,92,53,39,-12,61,37,199,59,3,42,0,0,1,0,0,0,0,0,0,0
950,126,69,64,-16,28,46,275,21,5,74,1,0,0,0,0,0,0,0,0,0
951,123,42,40,-14,7,23,333,10,5,43,1,0,0,0,0,0,0,0,0,0
952,82,50,33,-16,13,11,1367,11,4,48,1,0,0,0,0,0,0,0,0,0
953,136,14,45,-13,10,16,176,96,3,61,0,1,0,0,0,0,0,0,0,0
955,168,47,28,-8,16,25,257,24,3,66,0,0,1,0,0,0,0,0,0,0
956,112,81,60,-5,85,77,197,63,5,48,1,0,0,0,0,0,0,0,0,0
958,100,25,55,-18,69,29,149,94,6,46,0,1,0,0,0,0,0,0,0,0
959,128,64,51,-12,9,83,208,17,4,55,1,0,0,0,0,0,0,0,0,0
960,118,44,48,-15,22,76,235,0,4,69,1,0,0,0,0,0,0,0,0,0
961,104,46,31,-9,14,32,213,42,3,69,0,0,1,0,0,0,0,0,0,0
962,169,38,23,-14,13,33,261,75,3,51,1,0,0,0,0,0,0,0,0,0
963,138,32,26,-12,13,17,211,89,3,59,0,0,1,0,0,0,0,0,0,0
964,144,40,39,-10,24,23,354,29,5,77,1,0,0,0,0,0,0,0,0,0
966,138,29,27,-12,11,4,811,77,3,66,1,0,0,0,0,0,0,0,0,0
968,81,54,48,-11,16,58,508,49,4,69,1,0,0,0,0,0,0,0,0,0
970,110,61,66,-10,8,77,292,6,3,69,1,0,0,0,0,0,0,0,0,0
972,159,16,41,-22,12,42,199,88,3,77,1,0,0,0,0,0,0,0,0,0
975,129,49,72,-15,9,80,253,11,3,68,1,0,0,0,0,0,0,0,0,0
977,119,76,52,-7,7,58,171,16,5,61,1,0,0,0,0,0,0,0,0,0
978,134,58,30,-6,7,18,576,37,3,51,1,0,0,0,0,0,0,0,0,0
980,90,90,47,-7,29,21,325,11,3,53,1,0,0,0,0,0,0,0,0,0
981,129,37,43,-10,32,19,278,37,3,68,0,0,1,0,0,0,0,0,0,0
984,102,37,82,-13,8,29,217,17,8,69,1,0,0,0,0,0,0,0,0,0
985,89,59,39,-11,15,30,525,19,4,49,1,0,0,0,0,0,0,0,0,0
986,130,46,43,-12,13,38,293,12,3,65,1,0,0,0,0,0,0,0,0,0
987,81,25,25,-17,21,32,264,91,3,37,0,0,0,0,0,1,0,0,0,0
988,141,82,57,-8,9,77,239,1,3,63,0,1,0,0,0,0,0,0,0,0
991,89,64,57,-9,86,61,271,24,4,53,0,0,1,0,0,0,0,0,0,0
992,125,27,62,-17,11,34,284,88,5,48,0,1,0,0,0,0,0,0,0,0
993,91,42,44,-9,13,45,287,9,2,63,1,0,0,0,0,0,0,0,0,0
994,95,56,79,-10,8,67,261,45,5,60,1,0,0,0,0,0,0,0,0,0
998,125,76,84,-5,3,60,251,6,9,60,1,0,0,0,0,0,0,0,0,0
999,37,25,27,-12,9,13,207,80,4,61,1,0,0,0,0,0,0,0,0,0
1000,147,51,58,-9,6,61,391,1,3,82,1,0,0,0,0,0,0,0,0,0
1003,126,28,55,-11,16,30,445,47,3,52,1,0,0,0,0,0,0,0,0,0
1004,136,83,51,-8,12,74,513,4,8,69,1,0,0,0,0,0,0,0,0,0
1006,141,93,33,-9,30,38,308,0,7,75,1,0,0,0,0,0,0,0,0,0
1007,107,43,65,-10,11,65,305,38,3,64,1,0,0,0,0,0,0,0,0,0
1008,104,56,43,-7,13,28,235,2,3,74,0,0,1,0,0,0,0,0,0,0
1009,98,58,52,-13,5,49,366,2,3,53,1,0,0,0,0,0,0,0,0,0
1010,135,89,33,-6,35,16,287,9,7,50,1,0,0,0,0,0,0,0,0,0
1014,127,79,48,-6,45,79,323,0,3,75,1,0,0,0,0,0,0,0,0,0
1015,121,37,51,-9,32,20,362,50,3,61,1,0,0,0,0,0,0,0,0,0
1017,119,83,48,-7,32,82,394,18,9,67,0,0,1,0,0,0,0,0,0,0
1018,106,72,82,-10,7,89,252,8,5,64,0,0,1,0,0,0,0,0,0,0
1020,81,71,45,-10,21,77,267,23,5,74,1,0,0,0,0,0,0,0,0,0
1021,123,65,55,-7,12,37,212,58,3,70,1,0,0,0,0,0,0,0,0,0
1022,107,57,59,-10,8,95,233,16,7,72,0,0,1,0,0,0,0,0,0,0
1023,177,78,39,-3,11,90,134,0,23,71,1,0,0,0,0,0,0,0,0,0
1024,100,75,56,-13,33,64,283,61,11,68,1,0,0,0,0,0,0,0,0,0
1025,142,70,46,-10,9,51,428,29,7,61,1,0,0,0,0,0,0,0,0,0
1027,109,88,62,-7,4,83,242,0,8,54,1,0,0,0,0,0,0,0,0,0
1029,118,17,43,-11,11,14,296,42,4,54,1,0,0,0,0,0,0,0,0,0
1030,140,42,32,-11,10,29,204,55,3,49,0,0,1,0,0,0,0,0,0,0
1031,112,76,49,-6,9,44,371,0,3,75,1,0,0,0,0,0,0,0,0,0
1033,135,94,59,-5,7,83,224,2,4,73,1,0,0,0,0,0,0,0,0,0
1034,178,34,39,-10,25,48,303,65,3,80,1,0,0,0,0,0,0,0,0,0
1035,135,31,41,-10,7,7,653,31,4,56,1,0,0,0,0,0,0,0,0,0
1037,81,50,69,-7,26,47,122,68,12,70,1,0,0,0,0,0,0,0,0,0
1038,152,67,55,-9,5,48,270,1,5,78,1,0,0,0,0,0,0,0,0,0
1040,64,46,27,-7,12,17,179,38,3,66,1,0,0,0,0,0,0,0,0,0
1041,177,32,29,-12,12,38,201,80,3,72,1,0,0,0,0,0,0,0,0,0
1043,94,32,48,-11,11,39,206,37,3,77,1,0,0,0,0,0,0,0,0,0
1044,172,84,20,-8,29,39,590,28,7,60,1,0,0,0,0,0,0,0,0,0
1045,102,63,68,-9,31,48,261,36,3,60,1,0,0,0,0,0,0,0,0,0
1047,96,21,57,-16,13,49,225,65,3,73,1,0,0,0,0,0,0,0,0,0
1049,130,70,48,-8,31,83,249,40,4,52,1,0,0,0,0,0,0,0,0,0
1051,123,52,72,-8,13,94,261,7,6,73,1,0,0,0,0,0,0,0,0,0
1053,184,9,39,-15,10,36,201,98,3,56,1,0,0,0,0,0,0,0,0,0
1055,119,72,67,-8,4,83,193,4,4,67,1,0,0,0,0,0,0,0,0,0
1056,127,71,67,-16,9,96,355,3,4,46,0,1,0,0,0,0,0,0,0,0
1057,135,89,50,-5,73,70,283,9,5,72,1,0,0,0,0,0,0,0,0,0
1058,133,43,39,-11,16,40,251,43,3,49,0,1,0,0,0,0,0,0,0,0
1060,91,82,53,-5,26,47,248,7,5,74,1,0,0,0,0,0,0,0,0,0
1061,106,80,67,-9,6,76,184,3,4,62,1,0,0,0,0,0,0,0,0,0
1062,175,66,39,-6,6,46,274,28,3,50,1,0,0,0,0,0,0,0,0,0
1063,125,68,46,-9,50,68,304,25,8,57,1,0,0,0,0,0,0,0,0,0
1064,80,48,59,-9,9,49,324,39,2,60,1,0,0,0,0,0,0,0,0,0
1066,137,69,55,-14,14,67,262,2,4,74,1,0,0,0,0,0,0,0,0,0
1068,133,49,52,-12,14,47,201,10,3,68,1,0,0,0,0,0,0,0,0,0
1072,98,93,42,-5,11,34,457,41,13,60,1,0,0,0,0,0,0,0,0,0
1074,177,48,65,-16,6,80,448,23,6,58,1,0,0,0,0,0,0,0,0,0
1077,98,65,69,-8,11,71,255,29,3,72,0,0,0,0,0,0,1,0,0,0
1078,117,93,52,-7,82,31,244,39,10,49,1,0,0,0,0,0,0,0,0,0
1079,139,45,59,-9,13,51,291,70,4,68,1,0,0,0,0,0,0,0,0,0
1082,148,87,73,-7,32,92,350,6,3,66,1,0,0,0,0,0,0,0,0,0
1084,102,33,34,-14,15,35,305,65,3,50,0,0,0,0,0,1,0,0,0,0
1085,125,39,48,-11,12,52,269,37,3,68,0,1,0,0,0,0,0,0,0,0
1086,92,61,63,-7,68,55,223,60,3,48,0,0,0,0,1,0,0,0,0,0
1087,134,75,62,-9,5,66,192,4,36,78,1,0,0,0,0,0,0,0,0,0
1088,96,70,49,-12,15,78,236,4,6,75,1,0,0,0,0,0,0,0,0,0
1089,90,26,25,-11,14,20,159,96,3,53,0,1,0,0,0,0,0,0,0,0
1091,114,35,50,-14,26,42,366,9,3,69,1,0,0,0,0,0,0,0,0,0
1092,105,38,84,-13,20,89,268,54,6,67,1,0,0,0,0,0,0,0,0,0
1093,88,69,43,-8,36,52,203,6,6,51,1,0,0,0,0,0,0,0,0,0
1095,83,67,43,-6,10,61,181,6,8,55,1,0,0,0,0,0,0,0,0,0
1096,93,72,53,-10,8,76,241,13,3,51,1,0,0,0,0,0,0,0,0,0
1097,77,57,54,-8,9,73,290,1,16,66,1,0,0,0,0,0,0,0,0,0
1098,137,34,54,-14,13,30,236,46,4,49,1,0,0,0,0,0,0,0,0,0
1099,110,71,80,-5,34,85,289,44,4,67,1,0,0,0,0,0,0,0,0,0
1102,123,80,44,-5,10,52,205,5,4,66,0,1,0,0,0,0,0,0,0,0
1103,121,38,76,-15,5,99,224,28,4,69,1,0,0,0,0,0,0,0,0,0
1106,122,72,36,-10,36,47,360,2,4,55,1,0,0,0,0,0,0,0,0,0
1107,101,88,78,-4,4,89,265,39,3,74,1,0,0,0,0,0,0,0,0,0
1108,135,27,55,-15,11,21,234,42,3,59,1,0,0,0,0,0,0,0,0,0
1110,118,62,65,-9,8,64,211,20,3,56,0,1,0,0,0,0,0,0,0,0
1111,67,12,16,-18,16,24,195,88,4,56,0,0,1,0,0,0,0,0,0,0
1113,127,37,47,-13,8,17,382,15,3,75,1,0,0,0,0,0,0,0,0,0
1115,104,39,69,-16,25,72,239,8,4,77,1,0,0,0,0,0,0,0,0,0
1117,120,76,63,-6,15,70,251,51,5,72,1,0,0,0,0,0,0,0,0,0
1118,128,85,77,-6,7,87,271,21,4,78,1,0,0,0,0,0,0,0,0,0
1120,151,81,58,-7,22,87,290,3,4,74,1,0,0,0,0,0,0,0,0,0
1121,112,30,59,-15,13,19,278,22,3,68,1,0,0,0,0,0,0,0,0,0
1122,155,94,48,-5,41,94,138,1,4,42,1,0,0,0,0,0,0,0,0,0
1126,113,21,38,-16,8,21,239,75,3,57,0,0,1,0,0,0,0,0,0,0
1135,119,82,88,-10,18,95,365,13,9,74,0,1,0,0,0,0,0,0,0,0
1136,134,80,65,-7,8,78,200,12,5,73,1,0,0,0,0,0,0,0,0,0
1137,156,97,31,-5,7,60,211,12,4,34,1,0,0,0,0,0,0,0,0,0
1138,125,67,42,-7,6,34,351,61,5,66,1,0,0,0,0,0,0,0,0,0
1139,146,34,51,-13,21,27,301,0,5,64,1,0,0,0,0,0,0,0,0,0
1140,116,87,64,-6,8,81,243,14,3,70,1,0,0,0,0,0,0,0,0,0
1142,119,60,83,-14,8,92,246,18,6,62,0,1,0,0,0,0,0,0,0,0
1143,82,52,48,-16,12,90,215,2,3,44,1,0,0,0,0,0,0,0,0,0
1144,115,73,71,-6,13,93,242,28,3,52,1,0,0,0,0,0,0,0,0,0
1147,106,68,63,-6,85,70,197,16,4,70,0,0,1,0,0,0,0,0,0,0
1150,133,64,55,-9,52,55,223,41,15,40,1,0,0,0,0,0,0,0,0,0
1154,81,62,63,-11,10,42,355,34,6,53,1,0,0,0,0,0,0,0,0,0
1156,140,98,32,-7,9,23,166,0,17,74,1,0,0,0,0,0,0,0,0,0
1159,87,57,60,-8,8,49,361,44,3,54,1,0,0,0,0,0,0,0,0,0
1161,127,77,53,-6,39,76,210,0,6,78,1,0,0,0,0,0,0,0,0,0
1162,77,76,60,-7,35,72,163,71,4,66,1,0,0,0,0,0,0,0,0,0
1164,169,70,44,-8,28,78,217,1,4,39,1,0,0,0,0,0,0,0,0,0
1166,117,92,64,-6,62,87,260,18,6,69,1,0,0,0,0,0,0,0,0,0
1167,151,32,38,-15,8,41,966,52,4,32,1,0,0,0,0,0,0,0,0,0
1169,137,69,49,-11,28,56,489,25,4,43,1,0,0,0,0,0,0,0,0,0
1172,178,29,30,-16,29,14,280,67,5,31,0,1,0,0,0,0,0,0,0,0
1174,105,78,55,-6,63,81,162,42,5,76,0,1,0,0,0,0,0,0,0,0
1178,175,72,31,-6,12,41,200,5,3,71,1,0,0,0,0,0,0,0,0,0
1179,170,28,47,-16,13,33,232,25,3,68,0,0,1,0,0,0,0,0,0,0
1180,136,92,37,-7,42,63,296,1,5,63,1,0,0,0,0,0,0,0,0,0
1181,145,89,64,-5,34,94,167,14,4,33,1,0,0,0,0,0,0,0,0,0
1182,110,89,64,-7,16,97,199,9,3,69,1,0,0,0,0,0,0,0,0,0
1183,151,43,63,-16,11,95,264,23,4,67,0,0,1,0,0,0,0,0,0,0
1184,179,36,53,-11,24,17,452,28,4,36,1,0,0,0,0,0,0,0,0,0
1186,119,88,72,-9,9,96,243,20,4,58,1,0,0,0,0,0,0,0,0,0
1188,131,42,88,-15,18,97,308,4,5,61,0,0,1,0,0,0,0,0,0,0
1189,140,51,80,-9,4,52,243,5,6,67,1,0,0,0,0,0,0,0,0,0
1190,121,32,50,-14,38,28,321,72,5,47,1,0,0,0,0,0,0,0,0,0
1195,82,77,56,-10,12,43,261,12,3,73,1,0,0,0,0,0,0,0,0,0
1202,118,74,73,-8,21,96,237,18,4,74,1,0,0,0,0,0,0,0,0,0
1203,172,60,53,-10,7,71,271,31,3,43,1,0,0,0,0,0,0,0,0,0
1204,79,35,62,-14,9,66,206,46,3,46,1,0,0,0,0,0,0,0,0,0
1205,93,37,67,-18,5,73,296,26,3,84,1,0,0,0,0,0,0,0,0,0
1206,125,59,38,-10,27,28,859,2,3,41,1,0,0,0,0,0,0,0,0,0
1207,114,71,67,-8,10,47,248,42,5,72,1,0,0,0,0,0,0,0,0,0
1208,112,32,38,-12,12,12,295,73,3,58,1,0,0,0,0,0,0,0,0,0
1209,84,10,55,-20,8,7,407,70,3,38,1,0,0,0,0,0,0,0,0,0
1212,119,76,66,-7,9,54,478,1,4,47,1,0,0,0,0,0,0,0,0,0
1213,112,42,82,-13,8,52,276,56,3,67,1,0,0,0,0,0,0,0,0,0
1214,78,51,38,-13,21,74,331,2,4,70,1,0,0,0,0,0,0,0,0,0
1215,111,42,56,-8,41,45,269,91,7,35,1,0,0,0,0,0,0,0,0,0
1219,204,41,62,-12,9,74,252,68,4,65,0,1,0,0,0,0,0,0,0,0
1220,114,19,69,-19,17,32,245,67,3,31,1,0,0,0,0,0,0,0,0,0
1221,107,66,45,-7,26,78,287,66,5,68,0,1,0,0,0,0,0,0,0,0
1222,159,57,35,-14,6,44,299,49,12,47,0,1,0,0,0,0,0,0,0,0
1223,170,70,75,-9,6,87,351,18,14,42,0,1,0,0,0,0,0,0,0,0
1225,125,55,44,-10,18,49,251,13,4,43,1,0,0,0,0,0,0,0,0,0
1226,73,26,52,-14,14,20,213,76,3,63,0,1,0,0,0,0,0,0,0,0
1227,94,60,81,-10,6,75,239,12,6,71,0,0,0,0,0,0,1,0,0,0
1230,114,71,57,-9,16,67,333,35,3,62,1,0,0,0,0,0,0,0,0,0
1232,127,82,89,-5,13,96,239,23,4,71,0,1,0,0,0,0,0,0,0,0
1234,121,67,60,-7,26,56,264,62,3,60,1,0,0,0,0,0,0,0,0,0
1235,159,54,58,-8,8,55,259,5,3,48,1,0,0,0,0,0,0,0,0,0
1236,176,26,31,-19,7,19,423,15,3,22,1,0,0,0,0,0,0,0,0,0
1237,101,94,54,-7,4,74,279,40,5,72,1,0,0,0,0,0,0,0,0,0
1238,117,45,82,-10,7,74,254,54,3,84,1,0,0,0,0,0,0,0,0,0
1239,83,88,56,-9,38,67,408,38,6,45,1,0,0,0,0,0,0,0,0,0
1240,95,56,57,-7,11,50,232,10,5,73,0,1,0,0,0,0,0,0,0,0
1241,125,71,69,-7,12,88,217,23,3,81,0,1,0,0,0,0,0,0,0,0
1243,115,74,65,-7,15,63,458,1,6,71,1,0,0,0,0,0,0,0,0,0
1244,134,63,65,-10,11,87,257,2,3,57,1,0,0,0,0,0,0,0,0,0
1245,125,80,74,-6,26,89,269,18,4,70,1,0,0,0,0,0,0,0,0,0
1246,120,79,54,-6,17,48,290,0,3,54,1,0,0,0,0,0,0,0,0,0
1247,122,65,60,-11,13,71,201,3,6,58,1,0,0,0,0,0,0,0,0,0
1248,127,96,65,-11,64,94,335,4,5,45,1,0,0,0,0,0,0,0,0,0
1250,61,25,49,-14,10,6,251,41,4,59,0,0,1,0,0,0,0,0,0,0
1251,127,63,43,-12,11,74,220,3,4,65,1,0,0,0,0,0,0,0,0,0
1252,129,94,70,-3,60,79,198,7,5,77,1,0,0,0,0,0,0,0,0,0
1253,117,35,72,-11,11,64,197,20,4,71,0,0,0,0,0,0,1,0,0,0
1255,143,76,60,-12,10,84,409,6,5,48,1,0,0,0,0,0,0,0,0,0
1258,177,80,54,-9,8,89,220,7,3,56,0,1,0,0,0,0,0,0,0,0
1259,147,95,26,-6,99,61,287,0,10,39,1,0,0,0,0,0,0,0,0,0
1260,126,76,65,-8,23,61,295,1,3,62,0,1,0,0,0,0,0,0,0,0
1261,120,80,71,-5,35,73,238,22,3,76,0,1,0,0,0,0,0,0,0,0
1262,117,71,66,-9,65,81,266,3,5,66,1,0,0,0,0,0,0,0,0,0
1263,90,14,27,-16,9,13,211,93,4,46,0,0,1,0,0,0,0,0,0,0
1264,92,73,67,-7,19,89,253,23,4,72,0,1,0,0,0,0,0,0,0,0
1266,105,79,58,-7,6,91,226,1,3,53,0,0,1,0,0,0,0,0,0,0
1268,132,82,70,-7,35,83,340,44,3,53,1,0,0,0,0,0,0,0,0,0
1270,139,83,51,-6,7,77,216,2,4,81,1,0,0,0,0,0,0,0,0,0
1271,112,50,74,-8,19,66,348,18,4,66,1,0,0,0,0,0,0,0,0,0
1272,137,74,43,-9,10,23,294,0,3,46,1,0,0,0,0,0,0,0,0,0
1273,99,68,37,-9,9,34,368,1,3,41,1,0,0,0,0,0,0,0,0,0
1274,89,45,62,-14,7,87,156,59,3,74,1,0,0,0,0,0,0,0,0,0
1275,106,84,46,-7,78,71,228,0,3,59,1,0,0,0,0,0,0,0,0,0
1277,149,94,53,-6,19,50,241,1,4,77,1,0,0,0,0,0,0,0,0,0
1278,137,48,49,-9,24,33,227,42,3,74,1,0,0,0,0,0,0,0,0,0
1280,81,47,48,-10,13,42,305,19,3,77,1,0,0,0,0,0,0,0,0,0
1281,122,95,40,-6,10,58,279,0,6,75,1,0,0,0,0,0,0,0,0,0
1284,111,85,64,-8,68,84,241,22,4,54,1,0,0,0,0,0,0,0,0,0
1285,123,16,46,-17,18,10,333,38,3,72,1,0,0,0,0,0,0,0,0,0
1286,177,55,52,-14,18,91,289,50,4,76,1,0,0,0,0,0,0,0,0,0
1288,129,92,74,-5,8,93,306,11,4,64,1,0,0,0,0,0,0,0,0,0
1289,110,31,40,-10,37,28,260,34,3,52,1,0,0,0,0,0,0,0,0,0
1291,117,96,57,-5,12,98,255,5,3,67,1,0,0,0,0,0,0,0,0,0
1292,126,80,63,-8,40,87,232,20,3,69,1,0,0,0,0,0,0,0,0,0
1293,140,59,38,-7,12,34,243,5,3,76,1,0,0,0,0,0,0,0,0,0
1296,86,42,30,-9,23,33,262,22,3,72,1,0,0,0,0,0,0,0,0,0
1298,82,57,62,-12,6,90,231,27,4,79,1,0,0,0,0,0,0,0,0,0
1301,81,25,39,-11,10,20,177,79,4,59,0,0,1,0,0,0,0,0,0,0
1302,115,78,62,-9,22,63,252,7,3,57,1,0,0,0,0,0,0,0,0,0
1304,98,41,75,-15,34,24,286,7,4,66,1,0,0,0,0,0,0,0,0,0
1305,115,70,68,-13,5,69,237,33,4,61,1,0,0,0,0,0,0,0,0,0
1306,130,62,54,-13,37,20,208,0,4,54,1,0,0,0,0,0,0,0,0,0
1307,144,91,59,-8,60,93,244,15,4,59,1,0,0,0,0,0,0,0,0,0
1309,191,93,40,-7,9,73,408,0,6,70,1,0,0,0,0,0,0,0,0,0
1310,154,95,35,-5,56,86,240,0,5,52,1,0,0,0,0,0,0,0,0,0
1311,79,44,22,-9,12,13,419,50,4,52,1,0,0,0,0,0,0,0,0,0
1313,134,66,67,-9,6,66,506,5,4,62,1,0,0,0,0,0,0,0,0,0
1315,172,94,46,-7,12,80,252,44,11,61,1,0,0,0,0,0,0,0,0,0
1316,84,90,57,-8,9,88,225,2,5,83,1,0,0,0,0,0,0,0,0,0
1317,129,46,78,-14,22,66,195,46,4,26,0,0,0,0,1,0,0,0,0,0
1318,103,91,57,-4,13,56,289,8,4,64,1,0,0,0,0,0,0,0,0,0
1319,86,51,71,-9,10,52,270,58,3,68,0,0,0,0,0,0,1,0,0,0
1320,108,55,63,-13,6,20,299,72,6,67,0,1,0,0,0,0,0,0,0,0
1321,113,25,68,-17,8,81,310,70,3,60,0,1,0,0,0,0,0,0,0,0
1322,117,47,73,-13,14,58,284,17,4,26,0,0,0,0,1,0,0,0,0,0
1323,87,66,63,-9,7,75,343,12,3,68,1,0,0,0,0,0,0,0,0,0
1324,112,80,65,-12,10,54,251,35,5,80,1,0,0,0,0,0,0,0,0,0
1325,109,60,82,-9,9,55,246,13,3,76,1,0,0,0,0,0,0,0,0,0
1326,116,28,44,-18,18,20,238,46,4,50,0,0,0,0,0,0,0,1,0,0
1329,123,41,70,-14,14,26,394,72,3,46,1,0,0,0,0,0,0,0,0,0
1330,110,71,66,-8,15,63,259,4,3,55,1,0,0,0,0,0,0,0,0,0
1331,94,13,60,-21,11,11,511,93,3,44,1,0,0,0,0,0,0,0,0,0
1332,185,52,73,-11,8,96,203,7,12,60,1,0,0,0,0,0,0,0,0,0
1334,99,50,29,-14,11,44,344,13,4,60,1,0,0,0,0,0,0,0,0,0
1335,98,94,51,-10,14,50,394,17,4,71,1,0,0,0,0,0,0,0,0,0
1336,110,47,66,-16,5,66,238,2,3,57,1,0,0,0,0,0,0,0,0,0
1338,143,83,54,-6,17,71,178,11,3,54,1,0,0,0,0,0,0,0,0,0
1340,125,6,41,-22,10,18,240,67,4,51,0,0,0,0,0,0,0,1,0,0
1342,180,95,44,-8,39,36,258,3,6,52,1,0,0,0,0,0,0,0,0,0
1343,117,67,60,-8,11,30,224,4,3,37,1,0,0,0,0,0,0,0,0,0
1345,105,83,54,-9,15,56,515,0,4,67,0,0,0,1,0,0,0,0,0,0
1348,118,71,73,-9,8,85,291,63,3,65,1,0,0,0,0,0,0,0,0,0
1349,161,26,54,-16,8,36,394,83,5,45,1,0,0,0,0,0,0,0,0,0
1351,130,78,67,-6,12,70,264,2,4,54,1,0,0,0,0,0,0,0,0,0
1352,118,84,54,-7,6,19,310,6,6,75,1,0,0,0,0,0,0,0,0,0
1353,101,31,61,-15,6,28,302,70,3,47,0,0,0,0,0,1,0,0,0,0
1356,82,42,44,-17,7,55,237,1,4,72,0,1,0,0,0,0,0,0,0,0
1357,115,91,63,-7,23,81,287,4,4,56,1,0,0,0,0,0,0,0,0,0
1358,92,80,53,-8,4,94,269,0,3,59,1,0,0,0,0,0,0,0,0,0
1360,123,96,54,-3,34,81,223,7,5,80,0,0,0,1,0,0,0,0,0,0
1361,77,29,55,-17,4,49,256,33,3,74,0,1,0,0,0,0,0,0,0,0
1362,120,92,46,-7,34,33,311,4,26,49,1,0,0,0,0,0,0,0,0,0
1363,111,68,79,-10,22,88,349,78,4,63,1,0,0,0,0,0,0,0,0,0
1364,114,77,56,-9,21,43,338,7,4,46,1,0,0,0,0,0,0,0,0,0
1368,150,80,25,-4,31,25,309,13,4,73,0,0,0,1,0,0,0,0,0,0
1369,172,14,39,-17,10,26,226,79,4,69,0,1,0,0,0,0,0,0,0,0
1370,135,90,40,-5,54,84,193,7,4,67,1,0,0,0,0,0,0,0,0,0
1371,115,8,67,-27,17,28,228,67,4,42,0,1,0,0,0,0,0,0,0,0
1372,174,54,65,-13,19,90,255,12,3,58,1,0,0,0,0,0,0,0,0,0
1375,96,68,64,-8,4,47,312,4,4,57,1,0,0,0,0,0,0,0,0,0
1376,132,93,64,-6,13,90,271,14,3,64,1,0,0,0,0,0,0,0,0,0
1377,111,69,58,-12,14,53,298,61,3,66,1,0,0,0,0,0,0,0,0,0
1378,106,58,76,-13,6,94,310,1,5,68,0,0,0,0,0,0,0,0,0,1
1379,82,28,52,-18,26,41,230,6,3,68,1,0,0,0,0,0,0,0,0,0
1381,89,65,62,-9,7,63,330,6,4,54,1,0,0,0,0,0,0,0,0,0
1383,91,27,40,-16,26,29,228,88,7,49,1,0,0,0,0,0,0,0,0,0
1385,113,95,65,-7,29,61,286,1,4,68,0,1,0,0,0,0,0,0,0,0
1387,96,32,61,-15,14,29,209,63,5,55,0,0,0,0,1,0,0,0,0,0
1388,125,95,45,-5,11,62,356,9,5,73,0,0,0,1,0,0,0,0,0,0
1389,110,43,54,-12,14,11,296,0,3,80,1,0,0,0,0,0,0,0,0,0
1390,126,72,49,-10,16,29,338,1,4,66,1,0,0,0,0,0,0,0,0,0
1391,101,77,56,-9,9,66,277,1,4,76,1,0,0,0,0,0,0,0,0,0
1392,100,98,27,-6,18,40,406,2,10,71,0,0,0,1,0,0,0,0,0,0
1393,82,20,32,-21,9,29,236,91,4,62,0,0,0,0,0,0,0,1,0,0
1394,102,35,67,-18,9,65,267,40,4,71,0,0,0,0,0,0,0,1,0,0
1396,124,99,45,-4,27,32,273,2,9,72,0,0,0,1,0,0,0,0,0,0
1397,99,51,60,-11,11,60,274,20,2,62,1,0,0,0,0,0,0,0,0,0
1398,118,98,85,-4,31,60,258,25,8,76,0,1,0,0,0,0,0,0,0,0
1399,120,30,46,-13,11,33,355,69,3,66,0,0,0,1,0,0,0,0,0,0
1401,140,90,23,-7,96,49,239,0,6,42,1,0,0,0,0,0,0,0,0,0
1404,85,50,42,-11,6,27,206,55,3,44,0,0,0,0,1,0,0,0,0,0
1405,97,69,67,-6,17,28,186,5,3,60,1,0,0,0,0,0,0,0,0,0
1406,90,82,29,-7,16,24,275,1,4,65,1,0,0,0,0,0,0,0,0,0
1407,121,8,50,-22,11,13,252,97,5,41,0,1,0,0,0,0,0,0,0,0
1408,118,67,75,-13,32,70,304,2,4,62,1,0,0,0,0,0,0,0,0,0
1410,113,94,73,-12,15,92,213,14,4,66,0,1,0,0,0,0,0,0,0,0
1411,95,20,54,-19,33,23,257,86,3,55,1,0,0,0,0,0,0,0,0,0
1412,119,82,71,-9,9,87,291,21,5,81,0,1,0,0,0,0,0,0,0,0
1416,128,84,49,-5,35,56,198,0,4,63,1,0,0,0,0,0,0,0,0,0
1418,134,45,60,-13,10,78,174,1,3,53,0,0,1,0,0,0,0,0,0,0
1421,119,63,71,-10,10,63,222,3,3,63,1,0,0,0,0,0,0,0,0,0
1423,126,73,70,-12,3,95,255,15,3,57,1,0,0,0,0,0,0,0,0,0
1424,127,86,54,-6,25,29,299,25,4,66,0,1,0,0,0,0,0,0,0,0
1425,153,64,36,-10,13,45,272,1,4,55,1,0,0,0,0,0,0,0,0,0
1426,106,52,72,-12,21,82,288,71,3,64,1,0,0,0,0,0,0,0,0,0
1428,180,76,26,-7,23,43,284,6,4,58,1,0,0,0,0,0,0,0,0,0
1429,153,74,45,-10,23,94,201,2,6,40,0,0,0,0,1,0,0,0,0,0
1432,125,47,60,-14,11,53,318,70,3,37,0,0,0,0,0,1,0,0,0,0
1433,103,69,44,-9,42,43,446,0,6,67,0,0,0,1,0,0,0,0,0,0
1435,120,34,82,-16,50,79,254,14,4,59,1,0,0,0,0,0,0,0,0,0
1437,102,65,56,-13,6,60,269,23,3,63,1,0,0,0,0,0,0,0,0,0
1440,181,62,61,-17,45,96,210,24,8,54,1,0,0,0,0,0,0,0,0,0
1443,125,69,63,-10,16,89,218,12,3,59,1,0,0,0,0,0,0,0,0,0
1444,132,63,55,-12,37,79,186,3,3,46,0,0,0,0,0,1,0,0,0,0
1445,186,44,24,-11,7,40,390,11,3,63,1,0,0,0,0,0,0,0,0,0
1447,125,28,53,-14,18,6,659,24,3,38,0,1,0,0,0,0,0,0,0,0
1455,122,31,72,-19,9,51,335,9,4,45,1,0,0,0,0,0,0,0,0,0
1457,125,76,64,-12,13,64,219,1,5,49,1,0,0,0,0,0,0,0,0,0
1460,82,38,68,-10,10,23,337,42,3,50,0,1,0,0,0,0,0,0,0,0
1461,84,37,45,-16,8,26,274,48,3,49,0,1,0,0,0,0,0,0,0,0
1463,115,69,57,-11,5,57,377,60,28,56,1,0,0,0,0,0,0,0,0,0
1469,142,85,53,-12,30,91,239,31,4,52,0,0,0,0,1,0,0,0,0,0
1470,139,52,51,-6,12,23,243,38,3,49,1,0,0,0,0,0,0,0,0,0
1471,144,48,34,-10,14,18,260,28,3,68,1,0,0,0,0,0,0,0,0,0
1472,94,56,72,-11,6,59,250,19,3,53,1,0,0,0,0,0,0,0,0,0
1474,90,86,57,-6,36,31,248,6,9,48,1,0,0,0,0,0,0,0,0,0
1475,147,18,36,-19,10,25,233,13,3,49,1,0,0,0,0,0,0,0,0,0
1476,87,33,63,-15,13,64,229,83,3,39,1,0,0,0,0,0,0,0,0,0
1477,130,68,64,-12,5,71,225,1,4,61,1,0,0,0,0,0,0,0,0,0
1480,102,59,77,-12,27,72,262,12,3,47,0,0,0,0,1,0,0,0,0,0
1482,94,35,64,-9,11,20,204,49,3,72,0,0,0,0,0,0,1,0,0,0
1483,84,45,62,-13,6,57,256,21,3,76,1,0,0,0,0,0,0,0,0,0
1484,153,45,69,-13,7,70,342,3,4,51,0,0,0,0,0,0,0,1,0,0
1485,174,89,36,-7,13,26,294,2,12,68,0,0,0,1,0,0,0,0,0,0
1486,91,37,75,-10,11,47,287,27,3,71,1,0,0,0,0,0,0,0,0,0
1487,145,97,71,-5,36,90,288,8,5,73,1,0,0,0,0,0,0,0,0,0
1488,172,80,21,-7,36,68,377,1,4,62,1,0,0,0,0,0,0,0,0,0
1489,132,29,55,-12,4,12,395,33,3,55,1,0,0,0,0,0,0,0,0,0
1491,140,81,61,-8,22,82,210,34,3,60,1,0,0,0,0,0,0,0,0,0
1492,116,39,65,-12,32,60,177,2,3,61,1,0,0,0,0,0,0,0,0,0
1493,92,65,48,-6,55,54,301,16,3,33,1,0,0,0,0,0,0,0,0,0
1494,120,79,70,-7,33,56,238,19,4,47,1,0,0,0,0,0,0,0,0,0
1495,108,57,66,-10,12,50,240,24,3,72,0,1,0,0,0,0,0,0,0,0
1497,134,89,50,-5,22,26,293,0,4,81,1,0,0,0,0,0,0,0,0,0
1499,113,81,64,-8,8,82,257,16,3,65,1,0,0,0,0,0,0,0,0,0
1500,170,39,19,-14,12,32,371,26,4,65,1,0,0,0,0,0,0,0,0,0
1501,152,52,45,-10,10,25,312,32,4,77,1,0,0,0,0,0,0,0,0,0
1503,140,63,46,-6,12,10,348,5,3,61,1,0,0,0,0,0,0,0,0,0
1504,112,68,60,-11,30,71,258,21,3,57,1,0,0,0,0,0,0,0,0,0
1508,131,86,74,-8,7,78,271,18,4,69,1,0,0,0,0,0,0,0,0,0
1509,109,51,74,-16,14,90,210,2,3,54,0,0,1,0,0,0,0,0,0,0
1510,92,13,63,-15,11,24,334,47,3,67,1,0,0,0,0,0,0,0,0,0
1512,75,19,49,-16,22,21,248,72,4,31,1,0,0,0,0,0,0,0,0,0
1513,167,61,38,-12,26,70,226,11,3,38,0,0,0,0,1,0,0,0,0,0
1514,156,48,62,-9,23,73,259,6,9,50,0,0,0,1,0,0,0,0,0,0
1515,104,79,59,-4,31,96,188,0,4,68,1,0,0,0,0,0,0,0,0,0
1516,77,68,36,-6,34,20,343,32,3,75,1,0,0,0,0,0,0,0,0,0
1517,85,40,52,-13,8,63,221,21,3,51,1,0,0,0,0,0,0,0,0,0
1518,80,64,29,-9,11,23,536,2,3,80,0,0,0,1,0,0,0,0,0,0
1519,142,36,56,-11,8,17,389,5,3,69,0,0,0,1,0,0,0,0,0,0
1522,75,88,28,-6,40,60,341,1,4,75,1,0,0,0,0,0,0,0,0,0
1524,87,40,14,-9,12,4,295,58,4,51,1,0,0,0,0,0,0,0,0,0
1527,83,69,31,-7,11,18,278,41,3,58,1,0,0,0,0,0,0,0,0,0
1528,126,86,67,-5,10,80,268,18,3,81,1,0,0,0,0,0,0,0,0,0
1529,120,82,50,-6,9,54,219,0,4,72,1,0,0,0,0,0,0,0,0,0
1530,109,85,28,-6,18,29,318,4,4,73,1,0,0,0,0,0,0,0,0,0
1531,181,53,39,-9,16,33,276,25,4,77,1,0,0,0,0,0,0,0,0,0
1532,132,74,50,-7,11,38,336,2,4,77,0,0,0,1,0,0,0,0,0,0
1533,139,60,54,-10,13,25,387,1,3,65,0,0,0,1,0,0,0,0,0,0
1534,113,40,69,-10,6,55,255,37,3,49,1,0,0,0,0,0,0,0,0,0
1535,123,66,68,-6,6,49,257,0,4,68,1,0,0,0,0,0,0,0,0,0
1537,89,76,36,-8,37,17,564,1,3,63,0,0,0,1,0,0,0,0,0,0
1538,105,94,39,-7,30,27,293,0,8,75,1,0,0,0,0,0,0,0,0,0
1539,127,79,43,-5,13,51,218,32,9,55,1,0,0,0,0,0,0,0,0,0
1540,89,85,63,-6,6,43,325,0,3,63,0,0,0,1,0,0,0,0,0,0
1542,125,59,46,-9,10,24,284,0,3,74,0,0,0,1,0,0,0,0,0,0
1543,131,37,53,-13,6,25,394,8,3,64,1,0,0,0,0,0,0,0,0,0
1544,103,75,35,-7,65,32,443,0,4,66,1,0,0,0,0,0,0,0,0,0
1546,81,49,53,-8,10,10,384,54,5,68,0,1,0,0,0,0,0,0,0,0
1550,89,26,52,-17,9,49,170,82,3,51,0,1,0,0,0,0,0,0,0,0
1552,117,77,65,-10,36,95,242,21,3,71,1,0,0,0,0,0,0,0,0,0
1554,157,88,44,-5,21,51,255,0,6,64,1,0,0,0,0,0,0,0,0,0
1555,94,61,64,-13,21,89,224,25,3,69,0,1,0,0,0,0,0,0,0,0
1556,125,91,45,-4,23,81,226,3,4,70,1,0,0,0,0,0,0,0,0,0
1557,104,82,72,-7,24,82,249,15,3,49,0,0,0,0,0,0,1,0,0,0
1558,116,83,64,-6,19,31,263,57,5,48,1,0,0,0,0,0,0,0,0,0
1559,98,64,48,-12,8,73,202,6,3,49,1,0,0,0,0,0,0,0,0,0
1563,125,15,59,-17,24,11,333,85,3,66,1,0,0,0,0,0,0,0,0,0
1565,100,66,67,-8,11,70,244,0,3,63,1,0,0,0,0,0,0,0,0,0
1567,120,57,61,-12,16,39,385,9,3,54,1,0,0,0,0,0,0,0,0,0
1568,89,83,47,-4,3,66,314,3,30,78,0,0,0,1,0,0,0,0,0,0
1569,110,87,31,-6,23,23,438,0,6,55,1,0,0,0,0,0,0,0,0,0
1570,165,60,31,-6,21,16,394,10,3,73,0,0,0,1,0,0,0,0,0,0
1571,94,32,47,-10,12,17,320,62,3,74,1,0,0,0,0,0,0,0,0,0
1572,106,67,56,-7,9,60,243,2,3,58,1,0,0,0,0,0,0,0,0,0
1573,94,52,56,-12,94,64,289,32,5,70,1,0,0,0,0,0,0,0,0,0
1574,67,21,31,-13,8,11,271,84,4,77,0,1,0,0,0,0,0,0,0,0
1577,101,83,31,-8,9,59,207,0,4,71,0,0,0,1,0,0,0,0,0,0
1578,136,76,53,-12,34,51,214,0,3,67,1,0,0,0,0,0,0,0,0,0
1579,125,77,65,-8,10,40,252,0,3,53,1,0,0,0,0,0,0,0,0,0
1580,119,70,67,-8,20,66,314,42,3,67,1,0,0,0,0,0,0,0,0,0
1581,120,79,66,-7,6,71,240,5,3,44,1,0,0,0,0,0,0,0,0,0
1583,138,55,33,-6,9,23,224,31,3,51,1,0,0,0,0,0,0,0,0,0
1584,144,94,43,-5,14,47,314,1,4,61,0,0,0,1,0,0,0,0,0,0
1586,113,31,65,-12,12,41,303,53,3,71,1,0,0,0,0,0,0,0,0,0
1587,143,43,47,-12,23,24,271,18,3,62,1,0,0,0,0,0,0,0,0,0
1588,160,98,41,-4,8,35,323,0,5,56,1,0,0,0,0,0,0,0,0,0
1589,142,28,39,-13,14,40,196,50,3,49,0,0,0,0,0,0,1,0,0,0
1592,176,47,35,-14,77,56,312,77,20,40,0,0,0,0,0,1,0,0,0,0
1593,123,92,51,-3,21,46,319,1,6,59,0,0,0,1,0,0,0,0,0,0
1595,145,44,42,-9,14,30,230,22,3,58,1,0,0,0,0,0,0,0,0,0
1598,144,55,27,-8,12,20,374,3,3,68,0,0,0,1,0,0,0,0,0,0
1603,92,43,52,-10,13,10,239,1,4,82,1,0,0,0,0,0,0,0,0,0
1605,104,34,65,-12,7,32,222,37,2,69,0,0,0,0,0,0,0,1,0,0
1607,95,43,44,-15,14,20,275,8,3,75,1,0,0,0,0,0,0,0,0,0
1608,76,56,59,-15,8,84,388,11,4,38,0,1,0,0,0,0,0,0,0,0
1609,105,67,42,-6,41,30,316,62,9,59,1,0,0,0,0,0,0,0,0,0
1610,84,37,54,-10,8,24,279,69,3,72,0,0,0,0,0,0,0,1,0,0
1612,140,65,47,-10,14,40,340,1,3,72,1,0,0,0,0,0,0,0,0,0
1613,130,42,53,-10,14,22,197,14,3,62,0,0,0,1,0,0,0,0,0,0
1614,142,82,58,-7,28,73,272,18,4,76,1,0,0,0,0,0,0,0,0,0
1615,203,64,26,-10,9,38,281,20,6,74,1,0,0,0,0,0,0,0,0,0
1616,97,70,62,-10,6,73,234,1,3,68,1,0,0,0,0,0,0,0,0,0
1617,119,53,47,-10,18,77,174,0,3,57,1,0,0,0,0,0,0,0,0,0
1618,174,33,38,-13,21,20,331,74,3,39,1,0,0,0,0,0,0,0,0,0
1619,93,26,33,-15,12,42,283,0,3,56,1,0,0,0,0,0,0,0,0,0
1620,176,60,50,-9,22,47,289,6,3,48,0,1,0,0,0,0,0,0,0,0
1621,129,67,62,-10,33,78,212,0,4,72,0,0,0,0,0,0,0,1,0,0
1625,139,43,57,-9,8,36,233,60,3,54,1,0,0,0,0,0,0,0,0,0
1627,94,48,31,-9,8,19,331,14,3,61,1,0,0,0,0,0,0,0,0,0
1628,98,54,64,-13,28,94,181,49,3,65,0,0,1,0,0,0,0,0,0,0
1629,116,85,54,-7,31,31,188,2,4,42,0,0,0,0,1,0,0,0,0,0
1630,113,63,45,-12,9,36,233,8,3,67,1,0,0,0,0,0,0,0,0,0
1631,167,64,31,-9,37,31,306,2,3,80,1,0,0,0,0,0,0,0,0,0
1632,97,14,32,-10,18,8,414,93,3,73,1,0,0,0,0,0,0,0,0,0
1634,90,43,39,-9,11,43,326,24,4,64,0,0,0,1,0,0,0,0,0,0
1635,105,83,35,-5,8,15,319,0,4,76,0,0,0,1,0,0,0,0,0,0
1636,115,75,48,-9,26,42,261,43,8,73,1,0,0,0,0,0,0,0,0,0
1637,85,94,44,-3,9,78,182,0,6,79,1,0,0,0,0,0,0,0,0,0
1638,109,59,57,-8,69,36,306,67,6,68,1,0,0,0,0,0,0,0,0,0
1639,75,41,52,-13,35,28,511,20,3,59,1,0,0,0,0,0,0,0,0,0
1640,132,53,58,-7,31,22,288,68,3,72,0,0,0,0,0,0,1,0,0,0
1641,141,66,38,-6,8,33,353,12,3,76,0,0,0,1,0,0,0,0,0,0
1642,150,63,34,-7,7,35,241,16,4,95,0,1,0,0,0,0,0,0,0,0
1644,168,94,32,-7,10,54,178,3,10,71,1,0,0,0,0,0,0,0,0,0
1645,119,58,73,-7,3,96,259,24,3,66,0,0,0,0,0,0,1,0,0,0
1647,132,86,61,-9,26,64,243,3,4,56,0,0,0,0,0,1,0,0,0,0
1652,93,57,58,-8,8,37,235,25,2,57,1,0,0,0,0,0,0,0,0,0
1655,128,87,55,-4,22,19,322,3,4,59,1,0,0,0,0,0,0,0,0,0
1656,99,65,59,-9,13,39,245,22,3,58,0,0,0,0,0,1,0,0,0,0
1659,94,29,74,-13,9,44,195,29,3,70,1,0,0,0,0,0,0,0,0,0
1660,138,44,50,-8,9,14,406,48,3,63,0,1,0,0,0,0,0,0,0,0
1662,100,80,79,-6,11,27,319,43,4,64,0,1,0,0,0,0,0,0,0,0
1663,78,31,51,-10,13,22,223,93,5,47,0,1,0,0,0,0,0,0,0,0
1664,139,80,76,-6,17,91,258,3,4,60,0,1,0,0,0,0,0,0,0,0
1665,119,25,54,-12,14,14,250,52,4,52,0,0,0,0,0,1,0,0,0,0
1666,136,46,53,-6,18,29,266,70,3,64,0,0,1,0,0,0,0,0,0,0
1668,90,91,86,-6,32,73,284,21,13,69,0,1,0,0,0,0,0,0,0,0
1672,94,77,53,-6,26,45,212,1,3,24,1,0,0,0,0,0,0,0,0,0
1675,135,37,24,-8,9,30,251,84,3,66,0,0,1,0,0,0,0,0,0,0
1676,76,71,52,-7,18,54,264,25,4,67,1,0,0,0,0,0,0,0,0,0
1677,110,43,60,-10,17,27,336,29,3,49,1,0,0,0,0,0,0,0,0,0
1678,74,23,45,-13,20,13,291,17,3,70,1,0,0,0,0,0,0,0,0,0
1681,137,49,76,-11,21,88,257,67,3,46,1,0,0,0,0,0,0,0,0,0
1683,123,36,30,-9,10,15,240,81,3,58,1,0,0,0,0,0,0,0,0,0
1685,124,43,42,-12,25,4,300,68,4,44,0,0,0,1,0,0,0,0,0,0
1686,130,47,80,-9,32,59,344,25,4,58,0,1,0,0,0,0,0,0,0,0
1687,84,13,21,-14,96,17,272,73,3,31,0,0,1,0,0,0,0,0,0,0
1688,87,33,52,-14,12,12,267,58,3,61,1,0,0,0,0,0,0,0,0,0
1689,149,67,29,-9,24,22,255,0,4,68,0,0,0,1,0,0,0,0,0,0
1693,88,38,42,-12,9,35,257,7,3,72,1,0,0,0,0,0,0,0,0,0
1694,123,73,72,-6,8,62,333,21,4,56,0,0,0,0,0,0,1,0,0,0
1695,98,37,48,-15,12,17,277,66,4,40,0,0,0,0,1,0,0,0,0,0
1698,174,42,53,-12,8,19,411,31,3,62,1,0,0,0,0,0,0,0,0,0
1699,107,79,75,-5,5,89,221,5,3,74,1,0,0,0,0,0,0,0,0,0
1700,130,82,55,-7,6,77,240,7,3,57,1,0,0,0,0,0,0,0,0,0
1701,138,62,63,-7,16,50,225,54,3,58,0,1,0,0,0,0,0,0,0,0
1702,155,47,34,-11,10,16,237,38,3,59,1,0,0,0,0,0,0,0,0,0
1705,61,36,34,-11,33,9,312,11,3,50,0,0,0,0,0,1,0,0,0,0
1706,121,36,57,-10,17,9,236,51,3,55,0,0,0,0,0,1,0,0,0,0
1707,110,86,77,-6,16,89,173,10,3,80,0,1,0,0,0,0,0,0,0,0
1708,81,54,56,-9,16,31,207,9,3,32,1,0,0,0,0,0,0,0,0,0
1710,137,24,61,-16,11,16,331,24,3,53,1,0,0,0,0,0,0,0,0,0
1714,99,29,49,-8,18,4,317,65,3,37,0,1,0,0,0,0,0,0,0,0
1715,104,88,80,-7,14,82,281,19,4,70,0,1,0,0,0,0,0,0,0,0
1718,126,88,58,-7,15,79,253,20,5,49,0,1,0,0,0,0,0,0,0,0
1722,164,43,26,-13,19,55,198,55,3,77,0,0,1,0,0,0,0,0,0,0
1723,75,51,36,-9,17,32,264,6,3,74,1,0,0,0,0,0,0,0,0,0
1724,158,88,41,-6,8,36,251,0,4,77,0,0,0,1,0,0,0,0,0,0
1728,94,9,48,-18,11,22,256,89,4,65,1,0,0,0,0,0,0,0,0,0
1729,96,66,64,-6,30,33,264,1,3,60,0,0,0,1,0,0,0,0,0,0
1730,136,37,53,-12,9,22,284,73,4,54,0,0,0,0,0,1,0,0,0,0
1733,133,88,49,-5,27,25,396,0,4,55,0,0,0,1,0,0,0,0,0,0
1735,113,37,47,-5,19,22,160,25,3,55,0,0,1,0,0,0,0,0,0,0
1736,95,43,48,-8,16,65,153,18,3,75,1,0,0,0,0,0,0,0,0,0
1737,126,31,45,-8,17,37,250,98,3,53,1,0,0,0,0,0,0,0,0,0
1738,76,39,26,-11,11,12,229,6,3,71,1,0,0,0,0,0,0,0,0,0
1739,92,64,56,-8,14,61,234,49,3,42,0,0,0,0,0,1,0,0,0,0
1740,103,61,71,-14,8,88,195,4,3,44,0,1,0,0,0,0,0,0,0,0
1741,119,50,75,-9,9,34,258,1,4,63,1,0,0,0,0,0,0,0,0,0
1743,121,95,70,-4,9,89,192,64,7,50,0,1,0,0,0,0,0,0,0,0
1746,87,49,59,-8,6,35,283,14,2,35,1,0,0,0,0,0,0,0,0,0
1747,76,40,34,-9,11,7,291,76,4,47,0,0,1,0,0,0,0,0,0,0
1748,177,21,49,-11,10,22,179,96,4,42,0,0,0,0,0,1,0,0,0,0
1749,142,63,76,-10,4,93,181,35,31,45,1,0,0,0,0,0,0,0,0,0
1751,89,77,41,-8,24,43,388,51,4,31,0,0,0,0,0,1,0,0,0,0
1752,77,52,44,-9,15,18,305,18,3,64,1,0,0,0,0,0,0,0,0,0
1754,110,86,33,-7,97,38,319,5,5,57,1,0,0,0,0,0,0,0,0,0
1755,98,91,51,-7,17,46,206,1,4,33,0,0,0,0,1,0,0,0,0,0
1757,153,63,57,-9,27,79,300,13,4,76,1,0,0,0,0,0,0,0,0,0
1758,133,97,51,-4,19,53,305,0,4,61,0,0,0,1,0,0,0,0,0,0
1760,106,85,54,-6,60,60,299,7,3,59,1,0,0,0,0,0,0,0,0,0
1761,77,13,44,-19,18,13,239,81,4,51,0,1,0,0,0,0,0,0,0,0
1762,102,59,59,-7,8,36,278,0,3,42,1,0,0,0,0,0,0,0,0,0
1763,133,80,52,-6,61,63,257,0,3,58,1,0,0,0,0,0,0,0,0,0
1765,94,46,56,-7,21,45,270,38,2,49,1,0,0,0,0,0,0,0,0,0
1766,81,20,37,-14,30,14,205,71,4,47,0,1,0,0,0,0,0,0,0,0
1767,121,66,38,-5,25,14,299,17,3,76,1,0,0,0,0,0,0,0,0,0
1768,80,9,46,-15,8,31,282,97,3,62,0,0,1,0,0,0,0,0,0,0
1769,99,29,27,-10,11,15,244,86,3,58,1,0,0,0,0,0,0,0,0,0
1772,102,39,48,-11,8,25,340,23,3,51,1,0,0,0,0,0,0,0,0,0
1775,109,50,27,-9,10,13,266,28,3,50,0,0,0,0,0,1,0,0,0,0
1776,103,90,35,-6,39,53,256,0,5,73,0,0,0,1,0,0,0,0,0,0
1777,118,57,68,-9,9,65,313,10,3,35,0,0,0,0,1,0,0,0,0,0
1781,108,84,72,-5,24,68,238,26,5,63,1,0,0,0,0,0,0,0,0,0
1783,128,80,57,-8,9,21,281,2,3,45,1,0,0,0,0,0,0,0,0,0
1784,91,22,69,-15,11,47,233,92,6,39,0,1,0,0,0,0,0,0,0,0
1787,93,74,67,-8,20,77,282,14,19,61,1,0,0,0,0,0,0,0,0,0
1788,81,90,39,-7,11,20,255,4,7,60,1,0,0,0,0,0,0,0,0,0
1789,167,61,24,-8,22,33,258,66,3,68,0,1,0,0,0,0,0,0,0,0
1791,143,90,72,-4,7,96,189,9,10,72,0,0,0,1,0,0,0,0,0,0
1792,116,19,56,-13,11,12,321,73,3,53,1,0,0,0,0,0,0,0,0,0
1794,136,17,54,-13,9,24,238,74,5,11,0,0,0,0,1,0,0,0,0,0
1795,145,28,81,-15,21,81,206,58,3,44,0,1,0,0,0,0,0,0,0,0
1799,150,59,44,-7,10,25,266,15,3,50,0,1,0,0,0,0,0,0,0,0
1800,154,24,50,-12,13,31,272,84,3,61,1,0,0,0,0,0,0,0,0,0
1802,90,40,62,-10,15,35,254,9,2,57,0,1,0,0,0,0,0,0,0,0
1803,136,92,47,-4,26,54,235,0,4,74,0,0,0,1,0,0,0,0,0,0
1805,89,72,60,-5,11,55,216,8,3,77,1,0,0,0,0,0,0,0,0,0
1806,123,80,46,-3,8,51,255,0,6,78,1,0,0,0,0,0,0,0,0,0
1808,125,96,46,-5,9,37,261,0,7,44,0,1,0,0,0,0,0,0,0,0
1809,204,47,24,-8,12,39,205,31,4,62,1,0,0,0,0,0,0,0,0,0
1810,95,87,60,-7,8,65,256,57,4,18,1,0,0,0,0,0,0,0,0,0
1813,139,28,49,-12,11,16,237,65,3,61,1,0,0,0,0,0,0,0,0,0
1814,130,62,77,-8,9,51,217,10,4,41,1,0,0,0,0,0,0,0,0,0
1815,150,79,34,-6,14,43,264,0,4,56,0,0,0,1,0,0,0,0,0,0
1816,104,87,73,-6,9,78,200,4,3,80,1,0,0,0,0,0,0,0,0,0
1820,77,17,50,-16,14,25,263,95,3,38,0,0,0,0,0,1,0,0,0,0
1822,181,85,15,-5,9,29,268,0,5,48,0,0,0,1,0,0,0,0,0,0
1823,140,43,44,-10,14,26,269,54,3,44,0,1,0,0,0,0,0,0,0,0
1828,87,35,27,-9,33,33,180,55,3,74,0,0,1,0,0,0,0,0,0,0
1830,119,26,67,-14,6,37,147,45,5,77,0,0,1,0,0,0,0,0,0,0
1831,118,31,65,-9,7,61,180,57,4,77,0,0,1,0,0,0,0,0,0,0
1832,127,60,62,-9,7,96,179,72,3,73,0,0,1,0,0,0,0,0,0,0
1834,175,10,38,-21,6,44,165,91,5,69,1,0,0,0,0,0,0,0,0,0
1835,108,44,50,-10,13,71,169,67,3,57,0,0,1,0,0,0,0,0,0,0
1836,125,85,48,-9,4,94,155,64,5,74,0,0,0,0,0,0,0,0,1,0
1837,66,9,36,-18,11,19,187,92,5,59,0,0,1,0,0,0,0,0,0,0
1838,160,80,49,-10,7,97,174,27,4,71,0,0,0,0,0,0,0,0,1,0
1839,111,24,60,-17,25,47,217,89,4,65,1,0,0,0,0,0,0,0,0,0
1843,172,40,39,-8,8,59,192,89,3,69,1,0,0,0,0,0,0,0,0,0
1844,174,38,21,-10,30,45,191,72,3,66,0,0,1,0,0,0,0,0,0,0
1845,139,81,59,-6,10,80,154,14,4,69,0,0,0,0,0,0,0,0,1,0
1847,138,58,65,-8,12,74,164,41,4,66,0,0,0,0,0,0,0,0,1,0
1849,97,18,33,-12,9,32,126,88,3,78,0,0,0,0,0,0,0,0,1,0
1850,136,86,72,-8,13,93,223,4,3,77,1,0,0,0,0,0,0,0,0,0
1851,95,72,48,-7,19,56,370,73,3,71,1,0,0,0,0,0,0,0,0,0
1852,177,37,43,-12,11,65,125,18,4,69,0,0,0,0,0,0,0,0,1,0
1853,95,73,53,-8,10,76,140,19,3,73,0,0,0,0,0,0,0,0,1,0
1854,99,21,34,-17,18,29,218,40,3,70,0,0,1,0,0,0,0,0,0,0
1855,117,29,58,-13,11,67,162,65,3,67,0,0,0,0,0,0,0,0,1,0
1857,97,78,41,-9,8,71,199,31,6,71,1,0,0,0,0,0,0,0,0,0
1858,103,44,69,-11,11,44,146,45,3,74,0,0,0,0,0,0,0,0,1,0
1859,113,28,33,-11,18,37,165,72,3,53,1,0,0,0,0,0,0,0,0,0
1861,100,65,53,-9,11,42,179,29,4,53,1,0,0,0,0,0,0,0,0,0
1862,109,43,72,-12,10,67,186,7,4,47,1,0,0,0,0,0,0,0,0,0
1863,120,47,46,-10,44,64,149,51,3,62,1,0,0,0,0,0,0,0,0,0
1865,117,49,52,-8,6,48,173,25,3,72,0,1,0,0,0,0,0,0,0,0
1866,112,61,55,-10,5,64,162,35,3,76,0,0,1,0,0,0,0,0,0,0
1868,83,75,39,-7,14,27,215,78,4,57,0,1,0,0,0,0,0,0,0,0
1869,112,44,55,-14,44,63,187,53,7,75,0,0,1,0,0,0,0,0,0,0
1871,129,25,34,-16,11,30,190,65,3,63,1,0,0,0,0,0,0,0,0,0
1874,127,49,73,-14,9,80,222,30,4,64,1,0,0,0,0,0,0,0,0,0
1875,100,68,51,-8,8,79,185,36,4,58,1,0,0,0,0,0,0,0,0,0
1877,125,47,60,-8,6,49,211,10,3,67,1,0,0,0,0,0,0,0,0,0
1879,110,46,49,-9,57,71,208,74,3,62,0,0,1,0,0,0,0,0,0,0
1880,81,35,48,-10,12,71,120,78,3,63,0,0,0,0,0,0,0,0,1,0
1882,103,13,59,-15,26,7,202,19,6,64,0,0,0,0,0,0,1,0,0,0
1883,125,63,39,-7,13,72,153,72,3,72,0,1,0,0,0,0,0,0,0,0
1885,106,30,35,-12,14,3,703,16,3,61,1,0,0,0,0,0,0,0,0,0
1886,163,46,36,-14,92,18,337,29,7,67,0,0,0,0,0,0,0,0,1,0
1888,115,56,81,-5,5,97,148,16,4,73,0,0,1,0,0,0,0,0,0,0
1889,107,29,55,-13,9,32,151,49,3,69,1,0,0,0,0,0,0,0,0,0
1890,114,39,63,-10,10,65,182,41,4,45,0,0,0,0,0,0,0,0,1,0
1892,169,77,35,-6,2,53,210,1,4,71,1,0,0,0,0,0,0,0,0,0
1893,133,47,40,-8,11,39,219,33,3,71,0,1,0,0,0,0,0,0,0,0
1894,125,73,41,-6,9,44,430,37,3,72,1,0,0,0,0,0,0,0,0,0
1895,98,50,39,-12,7,29,247,34,18,70,0,0,0,0,0,0,0,0,1,0
1897,71,53,52,-8,5,43,146,18,8,69,1,0,0,0,0,0,0,0,0,0
1898,144,26,36,-11,11,49,179,91,3,58,0,0,0,0,0,0,0,0,1,0
1899,119,47,70,-9,32,76,130,69,4,70,1,0,0,0,0,0,0,0,0,0
1901,96,67,45,-9,80,58,123,9,7,65,0,0,0,0,0,0,0,0,1,0
1903,109,91,53,-5,7,49,171,1,8,72,1,0,0,0,0,0,0,0,0,0
1905,103,48,40,-8,16,65,230,35,3,68,0,0,0,0,0,0,0,0,1,0
1906,76,44,31,-7,51,22,258,41,3,50,0,0,1,0,0,0,0,0,0,0
1907,140,24,70,-13,9,66,158,63,5,65,0,0,0,0,0,0,0,0,1,0
1908,82,24,55,-14,12,33,413,18,4,37,0,0,0,0,1,0,0,0,0,0
1909,85,56,40,-11,59,65,276,8,5,65,0,0,0,0,0,0,0,0,1,0
1910,114,66,60,-13,7,91,139,54,6,41,0,0,1,0,0,0,0,0,0,0
1911,130,60,66,-11,18,80,152,43,3,80,0,0,0,0,0,0,1,0,0,0
1912,112,67,50,-6,22,48,179,5,3,53,0,1,0,0,0,0,0,0,0,0
1913,128,21,38,-12,11,39,215,94,3,63,0,0,0,0,0,0,0,0,1,0
1914,80,78,53,-6,22,96,167,71,4,73,0,1,0,0,0,0,0,0,0,0
1915,108,69,51,-7,17,42,194,16,2,66,1,0,0,0,0,0,0,0,0,0
1916,115,48,68,-13,12,78,250,48,4,74,1,0,0,0,0,0,0,0,0,0
1917,90,75,42,-10,17,79,146,20,5,72,1,0,0,0,0,0,0,0,0,0
1918,132,58,50,-9,32,65,175,41,3,69,1,0,0,0,0,0,0,0,0,0
1919,95,41,54,-13,10,82,185,16,3,62,0,0,1,0,0,0,0,0,0,0
1920,90,38,42,-13,27,52,182,73,3,66,0,0,1,0,0,0,0,0,0,0
1922,104,37,77,-11,8,54,164,68,3,73,0,0,0,0,0,0,1,0,0,0
1923,94,13,69,-14,6,37,138,75,3,74,0,0,0,0,0,0,0,0,1,0
1924,100,73,39,-8,10,62,272,0,3,60,1,0,0,0,0,0,0,0,0,0
1925,115,65,45,-9,17,70,285,2,3,70,0,0,0,0,0,0,0,0,1,0
1926,113,81,44,-6,8,56,241,0,6,77,1,0,0,0,0,0,0,0,0,0
1927,184,53,41,-9,31,41,206,19,3,43,0,0,0,0,1,0,0,0,0,0
1930,110,58,55,-13,4,46,298,19,3,74,1,0,0,0,0,0,0,0,0,0
1931,92,46,61,-14,7,81,244,71,5,76,1,0,0,0,0,0,0,0,0,0
1932,77,17,27,-21,12,20,139,73,4,68,0,0,1,0,0,0,0,0,0,0
1935,122,72,62,-10,76,89,176,20,4,48,0,0,1,0,0,0,0,0,0,0
1936,176,91,21,-7,5,45,313,48,39,67,1,0,0,0,0,0,0,0,0,0
1937,130,62,44,-11,17,70,517,6,3,56,1,0,0,0,0,0,0,0,0,0
1938,146,73,44,-12,24,54,213,26,10,67,1,0,0,0,0,0,0,0,0,0
1939,80,29,26,-10,16,25,198,14,3,59,0,0,1,0,0,0,0,0,0,0
1940,102,44,48,-14,6,42,148,1,3,57,0,0,1,0,0,0,0,0,0,0
1942,145,46,31,-9,13,43,188,16,3,66,0,0,1,0,0,0,0,0,0,0
1943,170,34,25,-16,14,37,450,80,3,36,0,1,0,0,0,0,0,0,0,0
1944,83,43,48,-6,15,61,157,69,2,67,0,0,1,0,0,0,0,0,0,0
1945,126,49,51,-10,11,65,180,26,3,69,0,1,0,0,0,0,0,0,0,0
1946,142,97,48,-7,6,49,163,7,9,66,0,0,0,0,0,0,0,0,1,0
1947,110,64,52,-6,32,66,180,57,3,59,0,0,1,0,0,0,0,0,0,0
1948,129,54,56,-10,18,39,186,3,3,82,0,0,0,0,0,0,0,0,1,0
1949,140,44,30,-13,18,43,319,7,3,73,1,0,0,0,0,0,0,0,0,0
1951,117,38,49,-11,41,71,261,4,3,72,0,0,1,0,0,0,0,0,0,0
1952,90,90,41,-12,41,42,334,5,41,76,1,0,0,0,0,0,0,0,0,0
1953,63,13,53,-16,24,58,204,61,3,78,0,0,1,0,0,0,0,0,0,0
1955,89,27,40,-17,11,49,167,72,3,63,0,0,1,0,0,0,0,0,0,0
1956,179,77,51,-6,6,94,142,6,3,77,1,0,0,0,0,0,0,0,0,0
1957,86,62,32,-10,25,47,449,64,6,67,1,0,0,0,0,0,0,0,0,0
1958,145,43,31,-11,10,31,312,29,6,69,1,0,0,0,0,0,0,0,0,0
1959,75,38,40,-7,12,23,277,70,3,73,0,0,1,0,0,0,0,0,0,0
1960,165,38,53,-12,9,19,260,3,4,79,0,0,0,0,0,0,0,0,1,0
1964,128,76,69,-6,8,96,188,46,4,59,1,0,0,0,0,0,0,0,0,0
1965,182,50,40,-11,13,82,149,39,8,61,0,0,1,0,0,0,0,0,0,0
1966,124,72,54,-9,26,47,181,2,4,69,1,0,0,0,0,0,0,0,0,0
1968,121,39,72,-17,5,79,187,16,3,60,1,0,0,0,0,0,0,0,0,0
1969,129,44,54,-9,40,37,215,61,5,44,0,1,0,0,0,0,0,0,0,0
1971,117,39,68,-16,11,55,315,7,5,59,1,0,0,0,0,0,0,0,0,0
1974,87,55,27,-10,10,43,386,4,5,63,1,0,0,0,0,0,0,0,0,0
1975,118,62,48,-10,14,19,320,6,3,43,1,0,0,0,0,0,0,0,0,0
1977,108,54,86,-9,7,87,166,58,8,73,1,0,0,0,0,0,0,0,0,0
1978,197,71,31,-9,26,67,151,0,10,34,0,0,0,0,1,0,0,0,0,0
1982,75,66,40,-10,17,51,413,77,12,50,1,0,0,0,0,0,0,0,0,0
1983,127,87,41,-6,83,65,1292,0,4,45,1,0,0,0,0,0,0,0,0,0
1985,154,36,45,-13,20,30,444,47,4,67,1,0,0,0,0,0,0,0,0,0
1986,95,66,56,-8,14,96,119,65,6,62,0,0,1,0,0,0,0,0,0,0
1987,167,58,65,-10,7,92,146,41,8,73,0,0,1,0,0,0,0,0,0,0
1990,94,21,70,-12,11,72,128,84,7,63,0,0,1,0,0,0,0,0,0,0
1994,133,50,49,-10,16,83,148,74,3,56,0,0,1,0,0,0,0,0,0,0
